"id_paper","keywords"
1,"k1"
1,"k9"
1,"k3"
4,"k2"
4,"k3"
4,"k8"
5,"k2"
5,"k10"
5,"k11"
6,"k2"
6,"k8"
6,"k9"
7,"k2"
7,"k3"
7,"k11"
8,"k2"
8,"k8"
8,"k7"
9,"k2"
9,"k8"
9,"k11"
10,"k3"
10,"k8"
10,"k2"
11,"k3"
11,"k2"
11,"k8"
12,"k2"
12,"k11"
12,"k8"
13,"k3"
13,"k2"
13,"k11"
14,"k2"
14,"k11"
14,"k8"
15,"k2"
15,"k8"
15,"k9"
16,"k2"
16,"k11"
16,"k8"
17,"k2"
17,"k7"
17,"k3"
18,"k4"
18,"k6"
18,"k11"
19,"k4"
19,"k3"
19,"k2"
20,"k4"
20,"k10"
20,"k8"
21,"k4"
21,"k10"
21,"k9"
22,"k5"
22,"k10"
22,"k8"
23,"k5"
23,"k13"
23,"k8"
24,"k6"
24,"k12"
24,"k8"
25,"k5"
25,"k4"
25,"k11"
26,"k1"
26,"k5"
26,"k4"
27,"k5"
27,"k1"
27,"k9"
28,"k1"
28,"k9"
28,"k8"
29,"k1"
29,"k8"
29,"k7"
30,"k1"
30,"k8"
30,"k13"
31,"k1"
31,"k12"
31,"k8"
32,"k2"
32,"k11"
32,"k3"
33,"k7"
33,"k8"
33,"k4"
34,"k2"
34,"k7"
34,"k8"
35,"k1"
35,"k9"
35,"k4"
36,"k2"
36,"k10"
36,"k8"
37,"k1"
37,"k3"
37,"k8"
38,"k5"
38,"k10"
38,"k6"
39,"k2"
39,"k11"
39,"k4"
40,"k1"
40,"k9"
40,"k3"
41,"k1"
41,"k7"
41,"k8"
42,"k8"
42,"k2"
42,"k7"
43,"k7"
43,"k13"
43,"k3"
44,"k9"
44,"k2"
44,"k14"
45,"k2"
45,"k8"
45,"k9"
46,"k5"
46,"k9"
46,"k4"
47,"k1"
47,"k4"
47,"k7"
48,"k5"
48,"k8"
48,"k12"
49,"k5"
49,"k12"
49,"k3"
50,"k2"
50,"k8"
50,"k9"
51,"k5"
51,"k10"
51,"k11"
52,"k8"
52,"k2"
52,"k9"
53,"k10"
53,"k2"
53,"k7"
54,"k4"
54,"k10"
54,"k8"
55,"k8"
55,"k5"
55,"k11"
56,"k6"
56,"k1"
56,"k8"
57,"k1"
57,"k10"
57,"k8"
58,"k1"
58,"k7"
58,"k13"
59,"k5"
59,"k3"
59,"k2"
60,"k4"
60,"k8"
60,"k5"
61,"k2"
61,"k7"
61,"k8"
62,"k8"
62,"k14"
62,"k9"
63,"k1"
63,"k2"
63,"k3"
64,"k1"
64,"k5"
64,"k8"
65,"k6"
65,"k1"
65,"k13"
66,"k1"
66,"k13"
66,"k9"
67,"k4"
67,"k12"
67,"k2"
68,"k8"
68,"k10"
68,"k5"
69,"k8"
69,"k10"
69,"k3"
70,"k9"
70,"k8"
70,"k4"
71,"k6"
71,"k5"
71,"k8"
72,"k9"
72,"k2"
72,"k8"
73,"k9"
73,"k1"
73,"k4"
74,"k8"
74,"k13"
74,"k10"
75,"k5"
75,"k1"
75,"k12"
76,"k1"
76,"k13"
76,"k8"
77,"k5"
77,"k4"
77,"k9"
78,"k5"
78,"k10"
78,"k8"
79,"k10"
79,"k5"
79,"k3"
80,"k11"
80,"k9"
80,"k14"
81,"k1"
81,"k5"
81,"k13"
82,"k11"
82,"k2"
82,"k10"
83,"k1"
83,"k9"
83,"k13"
84,"k8"
84,"k3"
84,"k5"
85,"k4"
85,"k5"
85,"k10"
86,"k1"
86,"k5"
86,"k3"
87,"k2"
87,"k9"
87,"k8"
88,"k1"
88,"k7"
88,"k8"
89,"k10"
89,"k1"
89,"k4"
90,"k1"
90,"k9"
90,"k12"
91,"k1"
91,"k3"
91,"k2"
92,"k10"
92,"k11"
92,"k8"
93,"k6"
93,"k9"
93,"k1"
94,"k1"
94,"k9"
94,"k6"
95,"k2"
95,"k14"
95,"k10"
96,"k6"
96,"k3"
96,"k8"
97,"k8"
97,"k1"
97,"k7"
98,"k12"
98,"k8"
98,"k3"
99,"k1"
99,"k8"
99,"k9"
100,"k7"
100,"k1"
100,"k3"
101,"k5"
101,"k8"
101,"k3"
102,"k1"
102,"k9"
102,"k3"
103,"k3"
103,"k8"
103,"k1"
104,"k5"
104,"k1"
104,"k9"
105,"k8"
105,"k2"
105,"k7"
106,"k1"
106,"k9"
106,"k8"
107,"k1"
107,"k13"
107,"k9"
108,"k9"
108,"k8"
108,"k1"
109,"k4"
109,"k2"
109,"k8"
110,"k1"
110,"k4"
110,"k9"
111,"k3"
111,"k1"
111,"k2"
112,"k10"
112,"k5"
112,"k3"
113,"k8"
113,"k9"
113,"k3"
114,"k1"
114,"k5"
114,"k6"
115,"k1"
115,"k8"
115,"k10"
116,"k13"
116,"k1"
116,"k7"
117,"k5"
117,"k8"
117,"k3"
118,"k1"
118,"k9"
118,"k4"
119,"k1"
119,"k5"
119,"k8"
120,"k1"
120,"k9"
120,"k8"
121,"k10"
121,"k1"
121,"k9"
122,"k1"
122,"k9"
122,"k6"
123,"k7"
123,"k8"
123,"k1"
124,"k11"
124,"k2"
124,"k14"
125,"k11"
125,"k8"
125,"k2"
126,"k7"
126,"k2"
126,"k13"
127,"k1"
127,"k4"
127,"k8"
128,"k13"
128,"k4"
128,"k12"
129,"k8"
129,"k1"
129,"k7"
130,"k2"
130,"k13"
130,"k11"
131,"k4"
131,"k13"
131,"k7"
132,"k1"
132,"k9"
132,"k8"
133,"k1"
133,"k10"
133,"k8"
134,"k2"
134,"k14"
134,"k1"
135,"k5"
135,"k1"
135,"k9"
136,"k1"
136,"k5"
136,"k8"
137,"k1"
137,"k9"
137,"k8"
138,"k11"
138,"k13"
138,"k2"
139,"k1"
139,"k9"
139,"k10"
140,"k9"
140,"k2"
140,"k8"
141,"k8"
141,"k3"
141,"k12"
142,"k10"
142,"k13"
142,"k14"
143,"k1"
143,"k9"
143,"k2"
144,"k1"
144,"k5"
144,"k3"
145,"k9"
145,"k5"
145,"k8"
146,"k13"
146,"k1"
146,"k9"
147,"k6"
147,"k12"
147,"k8"
148,"k3"
148,"k5"
148,"k8"
149,"k3"
149,"k8"
149,"k4"
150,"k8"
150,"k2"
150,"k7"
151,"k1"
151,"k3"
151,"k8"
152,"k1"
152,"k9"
152,"k3"
153,"k4"
153,"k3"
153,"k1"
154,"k1"
154,"k10"
154,"k9"
155,"k9"
155,"k3"
155,"k8"
156,"k2"
156,"k11"
156,"k8"
157,"k1"
157,"k3"
157,"k9"
158,"k1"
158,"k8"
158,"k2"
159,"k2"
159,"k3"
159,"k8"
160,"k5"
160,"k9"
160,"k11"
161,"k5"
161,"k13"
161,"k3"
162,"k9"
162,"k6"
162,"k5"
163,"k1"
163,"k5"
163,"k6"
164,"k8"
164,"k7"
164,"k2"
165,"k1"
165,"k13"
165,"k9"
166,"k1"
166,"k9"
166,"k6"
167,"k2"
167,"k11"
167,"k8"
168,"k1"
168,"k9"
168,"k13"
169,"k8"
169,"k10"
169,"k5"
170,"k8"
170,"k2"
170,"k7"
171,"k3"
171,"k5"
171,"k1"
172,"k1"
172,"k8"
172,"k10"
173,"k5"
173,"k8"
173,"k3"
174,"k4"
174,"k12"
174,"k3"
175,"k4"
175,"k10"
175,"k2"
176,"k1"
176,"k8"
176,"k13"
177,"k8"
177,"k13"
177,"k4"
178,"k8"
178,"k9"
178,"k1"
179,"k13"
179,"k7"
179,"k1"
180,"k7"
180,"k13"
180,"k8"
181,"k5"
181,"k12"
181,"k8"
182,"k8"
182,"k10"
182,"k1"
183,"k1"
183,"k9"
183,"k10"
184,"k7"
184,"k1"
184,"k8"
185,"k11"
185,"k2"
185,"k8"
186,"k1"
186,"k4"
186,"k9"
187,"k5"
187,"k4"
187,"k12"
188,"k8"
188,"k13"
188,"k7"
189,"k10"
189,"k1"
189,"k5"
190,"k3"
190,"k1"
190,"k5"
191,"k12"
191,"k8"
191,"k13"
192,"k1"
192,"k13"
192,"k11"
193,"k2"
193,"k8"
193,"k11"
194,"k5"
194,"k4"
194,"k1"
195,"k8"
195,"k12"
195,"k5"
196,"k1"
196,"k9"
196,"k6"
197,"k7"
197,"k1"
197,"k13"
198,"k8"
198,"k9"
198,"k1"
199,"k5"
199,"k12"
199,"k9"
200,"k8"
200,"k1"
200,"k9"
201,"k1"
201,"k3"
201,"k8"
202,"k13"
202,"k1"
202,"k4"
203,"k2"
203,"k8"
203,"k11"
204,"k8"
204,"k2"
204,"k3"
205,"k4"
205,"k8"
205,"k12"
206,"k10"
206,"k3"
206,"k8"
207,"k7"
207,"k8"
207,"k12"
208,"k1"
208,"k8"
208,"k12"
209,"k1"
209,"k8"
209,"k13"
210,"k1"
210,"k9"
210,"k14"
211,"k12"
211,"k4"
211,"k10"
212,"k3"
212,"k2"
212,"k8"
213,"k2"
213,"k8"
213,"k7"
214,"k1"
214,"k8"
214,"k13"
215,"k1"
215,"k8"
215,"k9"
216,"k5"
216,"k13"
216,"k8"
217,"k5"
217,"k1"
217,"k7"
218,"k1"
218,"k13"
218,"k2"
219,"k3"
219,"k9"
219,"k1"
220,"k5"
220,"k9"
220,"k3"
221,"k1"
221,"k8"
221,"k12"
222,"k10"
222,"k3"
222,"k14"
223,"k5"
223,"k1"
223,"k12"
224,"k2"
224,"k3"
224,"k8"
225,"k1"
225,"k10"
225,"k5"
226,"k10"
226,"k1"
226,"k6"
227,"k4"
227,"k1"
227,"k10"
228,"k3"
228,"k1"
228,"k12"
229,"k9"
229,"k3"
229,"k2"
230,"k8"
230,"k9"
230,"k5"
231,"k1"
231,"k9"
231,"k6"
232,"k1"
232,"k6"
232,"k9"
233,"k8"
233,"k2"
233,"k7"
234,"k2"
234,"k8"
234,"k11"
235,"k10"
235,"k9"
235,"k2"
236,"k4"
236,"k12"
236,"k3"
237,"k2"
237,"k7"
237,"k8"
238,"k11"
238,"k2"
238,"k14"
239,"k1"
239,"k13"
239,"k9"
240,"k6"
240,"k5"
240,"k9"
241,"k13"
241,"k7"
241,"k9"
242,"k8"
242,"k4"
242,"k9"
243,"k8"
243,"k13"
243,"k12"
244,"k1"
244,"k9"
244,"k6"
245,"k12"
245,"k4"
245,"k14"
246,"k8"
246,"k1"
246,"k5"
247,"k1"
247,"k9"
247,"k8"
248,"k1"
248,"k12"
248,"k4"
249,"k4"
249,"k1"
249,"k9"
250,"k3"
250,"k2"
250,"k8"
251,"k10"
251,"k11"
251,"k8"
252,"k1"
252,"k10"
252,"k8"
253,"k1"
253,"k9"
253,"k4"
254,"k3"
254,"k8"
254,"k5"
255,"k7"
255,"k2"
255,"k8"
256,"k8"
256,"k2"
256,"k11"
257,"k9"
257,"k8"
257,"k1"
258,"k5"
258,"k12"
258,"k4"
259,"k13"
259,"k7"
259,"k1"
260,"k5"
260,"k12"
260,"k4"
261,"k4"
261,"k12"
261,"k8"
262,"k10"
262,"k8"
262,"k11"
263,"k5"
263,"k3"
263,"k8"
264,"k5"
264,"k13"
264,"k8"
265,"k5"
265,"k10"
265,"k8"
266,"k5"
266,"k13"
266,"k12"
267,"k5"
267,"k12"
267,"k4"
268,"k5"
268,"k12"
268,"k8"
269,"k5"
269,"k13"
269,"k8"
270,"k12"
270,"k8"
270,"k5"
271,"k12"
271,"k8"
271,"k11"
272,"k2"
272,"k8"
272,"k9"
273,"k5"
273,"k12"
273,"k8"
274,"k5"
274,"k12"
274,"k3"
275,"k8"
275,"k5"
275,"k10"
276,"k5"
276,"k8"
276,"k3"
277,"k12"
277,"k4"
277,"k5"
278,"k6"
278,"k1"
278,"k9"
279,"k12"
279,"k5"
279,"k4"
280,"k12"
280,"k4"
280,"k5"
281,"k9"
281,"k13"
281,"k1"
282,"k5"
282,"k3"
282,"k12"
283,"k8"
283,"k3"
283,"k10"
284,"k8"
284,"k2"
284,"k12"
285,"k8"
285,"k4"
285,"k5"
286,"k8"
286,"k2"
286,"k9"
287,"k5"
287,"k8"
287,"k4"
288,"k5"
288,"k9"
288,"k3"
289,"k12"
289,"k8"
289,"k13"
290,"k5"
290,"k8"
290,"k12"
291,"k9"
291,"k8"
291,"k2"
292,"k5"
292,"k13"
292,"k12"
293,"k8"
293,"k9"
293,"k12"
294,"k2"
294,"k4"
294,"k11"
295,"k3"
295,"k13"
295,"k5"
296,"k5"
296,"k3"
296,"k8"
297,"k5"
297,"k4"
297,"k12"
298,"k12"
298,"k8"
298,"k13"
299,"k8"
299,"k12"
299,"k7"
300,"k10"
300,"k12"
300,"k8"
301,"k5"
301,"k4"
301,"k9"
302,"k5"
302,"k12"
302,"k8"
303,"k12"
303,"k8"
303,"k3"
304,"k5"
304,"k12"
304,"k3"
305,"k2"
305,"k8"
305,"k12"
306,"k12"
306,"k4"
306,"k5"
307,"k10"
307,"k14"
307,"k2"
308,"k4"
308,"k9"
308,"k5"
309,"k5"
309,"k12"
309,"k13"
310,"k5"
310,"k12"
310,"k8"
311,"k5"
311,"k12"
311,"k8"
312,"k3"
312,"k1"
312,"k10"
313,"k5"
313,"k13"
313,"k12"
314,"k4"
314,"k12"
314,"k8"
315,"k5"
315,"k3"
315,"k8"
316,"k4"
316,"k8"
316,"k12"
317,"k5"
317,"k12"
317,"k8"
318,"k5"
318,"k8"
318,"k10"
319,"k9"
319,"k8"
319,"k4"
320,"k3"
320,"k10"
320,"k8"
321,"k11"
321,"k1"
321,"k7"
322,"k5"
322,"k12"
322,"k8"
323,"k12"
323,"k4"
323,"k3"
324,"k5"
324,"k8"
324,"k12"
325,"k5"
325,"k12"
325,"k13"
326,"k5"
326,"k12"
326,"k4"
327,"k3"
327,"k12"
327,"k2"
328,"k10"
328,"k4"
328,"k5"
329,"k4"
329,"k8"
329,"k12"
330,"k1"
330,"k10"
330,"k3"
331,"k3"
331,"k11"
331,"k2"
332,"k8"
332,"k2"
332,"k1"
333,"k12"
333,"k8"
333,"k4"
334,"k5"
334,"k9"
334,"k4"
335,"k12"
335,"k4"
335,"k8"
336,"k8"
336,"k12"
336,"k4"
337,"k5"
337,"k12"
337,"k8"
338,"k12"
338,"k8"
338,"k13"
339,"k5"
339,"k12"
339,"k8"
340,"k5"
340,"k4"
340,"k12"
341,"k12"
341,"k8"
341,"k4"
342,"k5"
342,"k13"
342,"k8"
343,"k5"
343,"k12"
343,"k8"
344,"k5"
344,"k9"
344,"k8"
345,"k5"
345,"k4"
345,"k12"
346,"k12"
346,"k4"
346,"k5"
347,"k4"
347,"k12"
347,"k3"
348,"k10"
348,"k9"
348,"k2"
349,"k5"
349,"k12"
349,"k8"
350,"k5"
350,"k9"
350,"k3"
351,"k4"
351,"k10"
351,"k3"
352,"k5"
352,"k12"
352,"k8"
353,"k12"
353,"k4"
353,"k8"
354,"k5"
354,"k12"
354,"k4"
355,"k12"
355,"k5"
355,"k4"
356,"k5"
356,"k12"
356,"k8"
357,"k13"
357,"k5"
357,"k12"
358,"k5"
358,"k12"
358,"k9"
359,"k5"
359,"k10"
359,"k4"
360,"k5"
360,"k4"
360,"k3"
361,"k10"
361,"k11"
361,"k8"
362,"k8"
362,"k5"
362,"k12"
363,"k8"
363,"k12"
363,"k3"
364,"k10"
364,"k12"
364,"k8"
365,"k5"
365,"k4"
365,"k3"
366,"k5"
366,"k12"
366,"k8"
367,"k12"
367,"k5"
367,"k4"
368,"k10"
368,"k3"
368,"k2"
369,"k12"
369,"k13"
369,"k4"
370,"k14"
370,"k3"
370,"k13"
371,"k5"
371,"k12"
371,"k3"
372,"k12"
372,"k4"
372,"k10"
373,"k8"
373,"k2"
373,"k12"
374,"k8"
374,"k2"
374,"k3"
375,"k12"
375,"k11"
375,"k8"
376,"k5"
376,"k12"
376,"k13"
377,"k5"
377,"k9"
377,"k12"
378,"k4"
378,"k12"
378,"k11"
379,"k8"
379,"k4"
379,"k12"
380,"k5"
380,"k3"
380,"k12"
381,"k13"
381,"k1"
381,"k10"
382,"k3"
382,"k8"
382,"k2"
383,"k4"
383,"k5"
383,"k12"
384,"k5"
384,"k10"
384,"k13"
385,"k8"
385,"k2"
385,"k9"
386,"k8"
386,"k12"
386,"k9"
387,"k3"
387,"k4"
387,"k9"
388,"k5"
388,"k4"
388,"k12"
389,"k5"
389,"k12"
389,"k14"
390,"k5"
390,"k12"
390,"k4"
391,"k11"
391,"k8"
391,"k2"
392,"k5"
392,"k10"
392,"k3"
393,"k8"
393,"k12"
393,"k5"
394,"k4"
394,"k12"
394,"k14"
395,"k5"
395,"k13"
395,"k1"
396,"k8"
396,"k12"
396,"k2"
397,"k12"
397,"k4"
397,"k5"
398,"k5"
398,"k12"
398,"k4"
399,"k5"
399,"k12"
399,"k3"
400,"k5"
400,"k8"
400,"k3"
401,"k5"
401,"k9"
401,"k3"
402,"k4"
402,"k1"
402,"k10"
403,"k2"
403,"k14"
403,"k8"
404,"k5"
404,"k3"
404,"k12"
405,"k9"
405,"k1"
405,"k10"
406,"k8"
406,"k12"
406,"k9"
407,"k5"
407,"k12"
407,"k8"
408,"k8"
408,"k10"
408,"k2"
409,"k8"
409,"k2"
409,"k4"
410,"k10"
410,"k2"
410,"k8"
411,"k5"
411,"k9"
411,"k4"
412,"k5"
412,"k8"
412,"k2"
413,"k11"
413,"k2"
413,"k10"
414,"k5"
414,"k3"
414,"k8"
415,"k5"
415,"k4"
415,"k9"
416,"k8"
416,"k3"
416,"k11"
417,"k5"
417,"k12"
417,"k8"
418,"k5"
418,"k10"
418,"k8"
419,"k13"
419,"k12"
419,"k8"
420,"k8"
420,"k3"
420,"k2"
421,"k8"
421,"k5"
421,"k3"
422,"k5"
422,"k12"
422,"k8"
423,"k2"
423,"k13"
423,"k1"
424,"k11"
424,"k12"
424,"k14"
425,"k8"
425,"k12"
425,"k5"
426,"k5"
426,"k12"
426,"k8"
427,"k8"
427,"k12"
427,"k2"
428,"k5"
428,"k13"
428,"k8"
429,"k9"
429,"k5"
429,"k10"
430,"k12"
430,"k4"
430,"k10"
431,"k10"
431,"k2"
431,"k8"
432,"k5"
432,"k13"
432,"k4"
433,"k5"
433,"k12"
433,"k13"
434,"k11"
434,"k12"
434,"k4"
435,"k3"
435,"k12"
435,"k8"
436,"k8"
436,"k13"
436,"k9"
437,"k5"
437,"k9"
437,"k4"
438,"k5"
438,"k3"
438,"k12"
439,"k5"
439,"k12"
439,"k4"
440,"k8"
440,"k2"
440,"k12"
441,"k8"
441,"k7"
441,"k10"
442,"k5"
442,"k10"
442,"k6"
443,"k5"
443,"k8"
443,"k4"
444,"k5"
444,"k9"
444,"k13"
445,"k5"
445,"k9"
445,"k12"
446,"k3"
446,"k12"
446,"k2"
447,"k5"
447,"k12"
447,"k13"
448,"k4"
448,"k5"
448,"k9"
449,"k8"
449,"k12"
449,"k13"
450,"k12"
450,"k11"
450,"k8"
451,"k5"
451,"k12"
451,"k3"
452,"k8"
452,"k12"
452,"k5"
453,"k8"
453,"k12"
453,"k9"
454,"k5"
454,"k12"
454,"k13"
455,"k10"
455,"k9"
455,"k8"
456,"k12"
456,"k4"
456,"k8"
457,"k5"
457,"k3"
457,"k8"
458,"k8"
458,"k5"
458,"k12"
459,"k5"
459,"k4"
459,"k12"
460,"k5"
460,"k8"
460,"k13"
461,"k8"
461,"k12"
461,"k10"
463,"k5"
463,"k13"
463,"k8"
464,"k1"
464,"k4"
464,"k5"
465,"k5"
465,"k10"
465,"k12"
466,"k4"
466,"k12"
466,"k8"
467,"k14"
467,"k2"
467,"k10"
468,"k8"
468,"k3"
468,"k12"
469,"k5"
469,"k4"
469,"k12"
470,"k8"
470,"k2"
470,"k10"
471,"k9"
471,"k8"
471,"k12"
472,"k4"
472,"k9"
472,"k8"
473,"k12"
473,"k4"
473,"k5"
474,"k12"
474,"k4"
474,"k5"
475,"k12"
475,"k4"
475,"k5"
476,"k2"
476,"k11"
476,"k8"
477,"k8"
477,"k2"
477,"k12"
478,"k8"
478,"k4"
478,"k2"
479,"k8"
479,"k4"
479,"k10"
480,"k8"
480,"k12"
480,"k3"
481,"k5"
481,"k12"
481,"k13"
482,"k5"
482,"k7"
482,"k8"
483,"k8"
483,"k9"
483,"k12"
484,"k12"
484,"k4"
484,"k5"
485,"k1"
485,"k6"
485,"k9"
486,"k5"
486,"k10"
486,"k4"
487,"k4"
487,"k12"
487,"k5"
488,"k5"
488,"k13"
488,"k12"
489,"k8"
489,"k4"
489,"k7"
490,"k12"
490,"k2"
490,"k8"
491,"k4"
491,"k12"
491,"k8"
492,"k8"
492,"k5"
492,"k7"
493,"k4"
493,"k12"
493,"k5"
494,"k11"
494,"k5"
494,"k10"
495,"k4"
495,"k12"
495,"k1"
496,"k5"
496,"k13"
496,"k8"
497,"k12"
497,"k5"
497,"k4"
498,"k8"
498,"k2"
498,"k12"
499,"k12"
499,"k4"
499,"k8"
500,"k5"
500,"k12"
500,"k8"
501,"k3"
501,"k13"
501,"k5"
502,"k8"
502,"k5"
502,"k13"
503,"k5"
503,"k8"
503,"k3"
504,"k12"
504,"k4"
504,"k14"
505,"k5"
505,"k9"
505,"k8"
506,"k10"
506,"k8"
506,"k12"
507,"k5"
507,"k12"
507,"k8"
508,"k5"
508,"k4"
508,"k12"
509,"k10"
509,"k12"
509,"k4"
510,"k5"
510,"k10"
510,"k14"
511,"k12"
511,"k5"
511,"k4"
512,"k10"
512,"k8"
512,"k4"
513,"k12"
513,"k5"
513,"k13"
514,"k5"
514,"k13"
514,"k6"
515,"k13"
515,"k5"
515,"k12"
516,"k10"
516,"k7"
516,"k1"
517,"k5"
517,"k12"
517,"k8"
518,"k3"
518,"k14"
518,"k5"
519,"k2"
519,"k7"
519,"k8"
520,"k8"
520,"k12"
520,"k3"
521,"k3"
521,"k12"
521,"k8"
522,"k4"
522,"k12"
522,"k8"
523,"k5"
523,"k13"
523,"k10"
524,"k12"
524,"k8"
524,"k5"
525,"k8"
525,"k12"
525,"k5"
526,"k8"
526,"k2"
526,"k12"
527,"k4"
527,"k10"
527,"k5"
528,"k8"
528,"k10"
528,"k1"
529,"k12"
529,"k11"
529,"k8"
530,"k5"
530,"k3"
530,"k8"
531,"k8"
531,"k9"
531,"k4"
532,"k5"
532,"k12"
532,"k8"
533,"k13"
533,"k5"
533,"k4"
534,"k2"
534,"k3"
534,"k10"
535,"k5"
535,"k12"
535,"k8"
536,"k4"
536,"k8"
536,"k10"
537,"k13"
537,"k9"
537,"k8"
538,"k8"
538,"k4"
538,"k10"
539,"k12"
539,"k8"
539,"k3"
540,"k4"
540,"k5"
540,"k3"
541,"k5"
541,"k12"
541,"k3"
542,"k8"
542,"k2"
542,"k9"
543,"k4"
543,"k12"
543,"k8"
544,"k8"
544,"k4"
544,"k10"
545,"k13"
545,"k5"
545,"k11"
546,"k5"
546,"k8"
546,"k12"
547,"k10"
547,"k4"
547,"k12"
548,"k5"
548,"k13"
548,"k10"
549,"k3"
549,"k1"
549,"k2"
550,"k8"
550,"k12"
550,"k4"
551,"k12"
551,"k4"
551,"k13"
552,"k11"
552,"k12"
552,"k10"
553,"k13"
553,"k8"
553,"k2"
554,"k8"
554,"k14"
554,"k2"
555,"k6"
555,"k9"
555,"k1"
556,"k5"
556,"k4"
556,"k3"
557,"k10"
557,"k3"
557,"k8"
558,"k5"
558,"k3"
558,"k12"
559,"k7"
559,"k9"
559,"k8"
560,"k7"
560,"k8"
560,"k2"
561,"k2"
561,"k3"
561,"k8"
562,"k8"
562,"k3"
562,"k12"
563,"k9"
563,"k4"
563,"k8"
564,"k10"
564,"k1"
564,"k3"
565,"k12"
565,"k4"
565,"k11"
566,"k5"
566,"k12"
566,"k8"
567,"k5"
567,"k13"
567,"k4"
568,"k2"
568,"k7"
568,"k8"
569,"k1"
569,"k5"
569,"k8"
570,"k4"
570,"k9"
570,"k10"
571,"k2"
571,"k8"
571,"k14"
572,"k8"
572,"k3"
572,"k2"
573,"k9"
573,"k8"
573,"k12"
574,"k9"
574,"k4"
574,"k8"
575,"k3"
575,"k2"
575,"k8"
576,"k9"
576,"k1"
576,"k3"
577,"k8"
577,"k5"
577,"k12"
578,"k9"
578,"k3"
578,"k1"
579,"k8"
579,"k2"
579,"k9"
580,"k3"
580,"k12"
580,"k8"
581,"k5"
581,"k12"
581,"k8"
582,"k8"
582,"k5"
582,"k12"
583,"k8"
583,"k12"
583,"k5"
584,"k4"
584,"k12"
584,"k3"
585,"k5"
585,"k12"
585,"k8"
586,"k8"
586,"k12"
586,"k2"
587,"k9"
587,"k6"
587,"k5"
588,"k8"
588,"k9"
588,"k3"
589,"k1"
589,"k9"
589,"k8"
590,"k5"
590,"k12"
590,"k8"
591,"k8"
591,"k9"
591,"k13"
592,"k5"
592,"k8"
592,"k4"
593,"k4"
593,"k12"
593,"k10"
594,"k10"
594,"k8"
594,"k3"
595,"k5"
595,"k11"
595,"k3"
596,"k8"
596,"k2"
596,"k11"
597,"k9"
597,"k6"
597,"k1"
598,"k5"
598,"k13"
598,"k3"
599,"k8"
599,"k9"
599,"k12"
600,"k9"
600,"k4"
600,"k12"
601,"k12"
601,"k8"
601,"k4"
602,"k5"
602,"k8"
602,"k3"
603,"k5"
603,"k9"
603,"k6"
604,"k2"
604,"k8"
604,"k10"
605,"k9"
605,"k6"
605,"k2"
606,"k1"
606,"k9"
606,"k13"
607,"k8"
607,"k5"
607,"k13"
608,"k13"
608,"k7"
608,"k8"
609,"k5"
609,"k3"
609,"k13"
610,"k9"
610,"k6"
610,"k8"
611,"k4"
611,"k12"
611,"k6"
612,"k5"
612,"k12"
612,"k3"
613,"k4"
613,"k1"
613,"k12"
614,"k11"
614,"k2"
614,"k8"
615,"k5"
615,"k12"
615,"k3"
616,"k9"
616,"k6"
616,"k14"
617,"k8"
617,"k10"
617,"k3"
618,"k9"
618,"k8"
618,"k3"
619,"k11"
619,"k2"
619,"k8"
620,"k4"
620,"k3"
620,"k12"
621,"k1"
621,"k4"
621,"k7"
622,"k3"
622,"k8"
622,"k2"
623,"k9"
623,"k8"
623,"k3"
624,"k5"
624,"k1"
624,"k3"
625,"k3"
625,"k8"
625,"k12"
626,"k7"
626,"k2"
626,"k13"
627,"k5"
627,"k3"
627,"k12"
628,"k7"
628,"k2"
628,"k8"
629,"k1"
629,"k4"
629,"k7"
630,"k8"
630,"k2"
630,"k9"
631,"k3"
631,"k2"
631,"k8"
632,"k12"
632,"k4"
632,"k8"
633,"k4"
633,"k10"
633,"k8"
634,"k9"
634,"k1"
634,"k12"
635,"k2"
635,"k14"
635,"k3"
636,"k12"
636,"k8"
636,"k5"
637,"k4"
637,"k12"
637,"k7"
638,"k9"
638,"k13"
638,"k7"
639,"k8"
639,"k3"
639,"k2"
640,"k5"
640,"k11"
640,"k2"
641,"k9"
641,"k8"
641,"k3"
642,"k4"
642,"k5"
642,"k12"
643,"k5"
643,"k8"
643,"k12"
644,"k3"
644,"k2"
644,"k13"
645,"k8"
645,"k12"
645,"k9"
646,"k8"
646,"k4"
646,"k12"
648,"k4"
648,"k12"
648,"k5"
649,"k1"
649,"k12"
649,"k4"
650,"k13"
650,"k3"
650,"k2"
651,"k9"
651,"k14"
651,"k2"
652,"k5"
652,"k4"
652,"k8"
653,"k1"
653,"k8"
653,"k12"
654,"k4"
654,"k1"
654,"k9"
655,"k10"
655,"k8"
655,"k11"
656,"k4"
656,"k9"
656,"k12"
657,"k8"
657,"k9"
657,"k3"
658,"k1"
658,"k9"
658,"k4"
659,"k8"
659,"k9"
659,"k12"
660,"k5"
660,"k3"
660,"k12"
661,"k3"
661,"k5"
661,"k8"
662,"k5"
662,"k12"
662,"k3"
663,"k1"
663,"k8"
663,"k2"
664,"k12"
664,"k5"
664,"k8"
665,"k5"
665,"k8"
665,"k2"
666,"k2"
666,"k11"
666,"k13"
667,"k4"
667,"k6"
667,"k9"
668,"k9"
668,"k8"
668,"k1"
669,"k12"
669,"k4"
669,"k1"
670,"k12"
670,"k13"
670,"k8"
671,"k9"
671,"k6"
671,"k14"
672,"k5"
672,"k3"
672,"k9"
673,"k12"
673,"k4"
673,"k9"
674,"k2"
674,"k11"
674,"k9"
675,"k9"
675,"k10"
675,"k6"
676,"k8"
676,"k2"
676,"k4"
677,"k5"
677,"k9"
677,"k4"
678,"k3"
678,"k5"
678,"k8"
679,"k5"
679,"k8"
679,"k1"
680,"k4"
680,"k9"
680,"k3"
681,"k5"
681,"k4"
681,"k11"
682,"k6"
682,"k8"
682,"k11"
683,"k10"
683,"k3"
683,"k1"
684,"k5"
684,"k8"
684,"k10"
685,"k9"
685,"k12"
685,"k4"
686,"k12"
686,"k8"
686,"k5"
687,"k9"
687,"k12"
687,"k8"
688,"k12"
688,"k4"
688,"k8"
689,"k12"
689,"k8"
689,"k5"
690,"k5"
690,"k12"
690,"k9"
691,"k13"
691,"k7"
691,"k4"
692,"k10"
692,"k1"
692,"k13"
693,"k5"
693,"k8"
693,"k12"
694,"k8"
694,"k12"
694,"k2"
695,"k9"
695,"k2"
695,"k14"
696,"k4"
696,"k5"
696,"k1"
697,"k8"
697,"k12"
697,"k3"
698,"k8"
698,"k3"
698,"k11"
699,"k2"
699,"k8"
699,"k12"
700,"k8"
700,"k5"
700,"k12"
701,"k4"
701,"k5"
701,"k10"
702,"k9"
702,"k8"
702,"k4"
703,"k8"
703,"k12"
703,"k9"
704,"k6"
704,"k13"
704,"k7"
705,"k5"
705,"k8"
705,"k12"
706,"k5"
706,"k13"
706,"k12"
707,"k12"
707,"k5"
707,"k8"
708,"k3"
708,"k8"
708,"k4"
709,"k9"
709,"k12"
709,"k8"
710,"k12"
710,"k4"
710,"k3"
711,"k12"
711,"k4"
711,"k5"
712,"k8"
712,"k12"
712,"k2"
713,"k1"
713,"k3"
713,"k2"
714,"k4"
714,"k9"
714,"k8"
715,"k8"
715,"k6"
715,"k9"
716,"k5"
716,"k4"
716,"k12"
717,"k4"
717,"k1"
717,"k10"
718,"k5"
718,"k8"
718,"k13"
719,"k8"
719,"k12"
719,"k5"
720,"k10"
720,"k3"
720,"k4"
721,"k5"
721,"k12"
721,"k13"
722,"k9"
722,"k6"
722,"k1"
723,"k9"
723,"k11"
723,"k8"
724,"k2"
724,"k11"
724,"k8"
725,"k3"
725,"k4"
725,"k8"
726,"k5"
726,"k8"
726,"k12"
727,"k1"
727,"k7"
727,"k8"
728,"k8"
728,"k9"
728,"k1"
729,"k8"
729,"k1"
729,"k5"
730,"k8"
730,"k7"
730,"k2"
731,"k4"
731,"k12"
731,"k7"
732,"k1"
732,"k8"
732,"k3"
733,"k5"
733,"k13"
733,"k3"
734,"k1"
734,"k9"
734,"k8"
735,"k4"
735,"k3"
735,"k5"
736,"k12"
736,"k4"
736,"k5"
737,"k3"
737,"k8"
737,"k12"
738,"k8"
738,"k12"
738,"k2"
739,"k5"
739,"k3"
739,"k4"
740,"k2"
740,"k10"
740,"k4"
741,"k4"
741,"k8"
741,"k2"
742,"k12"
742,"k8"
742,"k13"
743,"k3"
743,"k8"
743,"k10"
744,"k2"
744,"k8"
744,"k11"
745,"k5"
745,"k8"
745,"k13"
746,"k12"
746,"k13"
746,"k8"
747,"k8"
747,"k9"
747,"k3"
748,"k9"
748,"k2"
748,"k3"
749,"k3"
749,"k8"
749,"k5"
750,"k5"
750,"k12"
750,"k8"
751,"k11"
751,"k2"
751,"k8"
752,"k2"
752,"k7"
752,"k10"
753,"k9"
753,"k1"
753,"k3"
754,"k1"
754,"k6"
754,"k8"
755,"k2"
755,"k11"
755,"k4"
756,"k5"
756,"k4"
756,"k3"
757,"k8"
757,"k5"
757,"k12"
758,"k12"
758,"k5"
758,"k8"
759,"k12"
759,"k9"
759,"k8"
760,"k12"
760,"k5"
760,"k13"
761,"k11"
761,"k2"
761,"k10"
762,"k5"
762,"k8"
762,"k9"
763,"k2"
763,"k8"
763,"k10"
764,"k12"
764,"k4"
764,"k5"
765,"k5"
765,"k13"
765,"k12"
766,"k8"
766,"k12"
766,"k14"
767,"k12"
767,"k8"
767,"k5"
768,"k1"
768,"k9"
768,"k10"
769,"k12"
769,"k8"
769,"k13"
770,"k9"
770,"k8"
770,"k4"
771,"k4"
771,"k9"
771,"k12"
772,"k5"
772,"k12"
772,"k13"
773,"k9"
773,"k8"
773,"k12"
774,"k8"
774,"k12"
774,"k3"
775,"k2"
775,"k8"
775,"k11"
776,"k8"
776,"k2"
776,"k9"
777,"k4"
777,"k1"
777,"k9"
778,"k6"
778,"k5"
778,"k10"
779,"k1"
779,"k8"
779,"k10"
780,"k3"
780,"k2"
780,"k10"
781,"k5"
781,"k3"
781,"k12"
782,"k9"
782,"k2"
782,"k11"
783,"k8"
783,"k2"
783,"k3"
784,"k3"
784,"k4"
784,"k12"
785,"k5"
785,"k4"
785,"k12"
786,"k8"
786,"k12"
786,"k6"
787,"k5"
787,"k12"
787,"k10"
799,"k7"
799,"k2"
799,"k10"
816,"k8"
816,"k2"
816,"k3"
819,"k10"
819,"k7"
819,"k8"
820,"k7"
820,"k8"
820,"k2"
821,"k12"
821,"k2"
821,"k7"
822,"k2"
822,"k8"
822,"k7"
823,"k3"
823,"k12"
823,"k8"
825,"k5"
825,"k13"
825,"k8"
826,"k3"
826,"k10"
826,"k7"
827,"k10"
827,"k11"
827,"k2"
829,"k2"
829,"k11"
829,"k8"
830,"k2"
830,"k8"
830,"k7"
831,"k3"
831,"k13"
831,"k4"
28916,"k10"
28916,"k6"
28916,"k9"
28917,"k10"
28917,"k9"
28917,"k6"
28918,"k9"
28918,"k8"
28918,"k14"
28919,"k6"
28919,"k9"
28919,"k1"
28920,"k9"
28920,"k10"
28920,"k6"
28921,"k9"
28921,"k10"
28921,"k6"
28922,"k1"
28922,"k10"
28922,"k14"
28923,"k6"
28923,"k4"
28923,"k9"
28924,"k9"
28924,"k6"
28924,"k10"
28925,"k6"
28925,"k10"
28925,"k4"
28926,"k10"
28926,"k6"
28926,"k9"
28927,"k9"
28927,"k1"
28927,"k10"
28928,"k6"
28928,"k10"
28928,"k9"
28929,"k6"
28929,"k9"
28929,"k10"
28930,"k10"
28930,"k9"
28930,"k2"
28931,"k10"
28931,"k11"
28931,"k3"
28932,"k6"
28932,"k9"
28932,"k2"
28933,"k6"
28933,"k9"
28933,"k1"
28934,"k4"
28934,"k10"
28934,"k3"
28935,"k10"
28935,"k9"
28935,"k2"
28936,"k6"
28936,"k9"
28936,"k10"
28937,"k6"
28937,"k10"
28937,"k5"
28938,"k6"
28938,"k9"
28938,"k5"
28939,"k6"
28939,"k9"
28939,"k10"
28940,"k9"
28940,"k1"
28940,"k2"
28941,"k6"
28941,"k10"
28941,"k2"
28942,"k6"
28942,"k9"
28942,"k1"
28943,"k6"
28943,"k9"
28943,"k10"
28944,"k6"
28944,"k11"
28944,"k9"
28945,"k9"
28945,"k6"
28945,"k10"
28946,"k6"
28946,"k2"
28946,"k8"
28947,"k6"
28947,"k9"
28947,"k10"
28948,"k6"
28948,"k9"
28948,"k10"
28949,"k6"
28949,"k9"
28949,"k8"
28950,"k9"
28950,"k1"
28950,"k6"
28951,"k6"
28951,"k9"
28951,"k1"
28952,"k6"
28952,"k9"
28952,"k10"
28953,"k6"
28953,"k9"
28953,"k4"
28954,"k6"
28954,"k5"
28954,"k9"
28955,"k6"
28955,"k9"
28955,"k10"
28956,"k6"
28956,"k9"
28956,"k13"
28957,"k10"
28957,"k11"
28957,"k2"
28958,"k6"
28958,"k9"
28958,"k10"
28959,"k6"
28959,"k2"
28959,"k13"
28960,"k9"
28960,"k10"
28960,"k2"
28961,"k10"
28961,"k1"
28961,"k6"
28962,"k4"
28962,"k9"
28962,"k10"
28963,"k10"
28963,"k2"
28963,"k11"
28964,"k6"
28964,"k9"
28964,"k10"
28965,"k6"
28965,"k10"
28965,"k2"
28966,"k9"
28966,"k4"
28966,"k10"
28967,"k6"
28967,"k1"
28967,"k10"
28968,"k1"
28968,"k10"
28968,"k9"
28969,"k10"
28969,"k1"
28969,"k2"
28970,"k9"
28970,"k2"
28970,"k3"
28971,"k6"
28971,"k9"
28971,"k1"
28972,"k10"
28972,"k9"
28972,"k3"
28973,"k6"
28973,"k9"
28973,"k10"
28974,"k1"
28974,"k6"
28974,"k4"
28975,"k9"
28975,"k6"
28975,"k10"
28976,"k9"
28976,"k1"
28976,"k6"
28977,"k9"
28977,"k10"
28977,"k4"
28978,"k5"
28978,"k3"
28978,"k8"
28979,"k9"
28979,"k6"
28979,"k1"
28980,"k1"
28980,"k6"
28980,"k11"
28981,"k2"
28981,"k10"
28981,"k14"
28982,"k13"
28982,"k9"
28982,"k1"
28983,"k2"
28983,"k10"
28983,"k14"
28984,"k6"
28984,"k9"
28984,"k1"
28985,"k9"
28985,"k13"
28985,"k2"
28986,"k6"
28986,"k9"
28986,"k5"
28987,"k6"
28987,"k9"
28987,"k14"
28988,"k6"
28988,"k9"
28988,"k10"
28989,"k9"
28989,"k10"
28989,"k1"
28990,"k6"
28990,"k9"
28990,"k2"
28991,"k10"
28991,"k14"
28991,"k6"
28992,"k9"
28992,"k4"
28992,"k10"
28993,"k9"
28993,"k10"
28993,"k2"
28994,"k10"
28994,"k9"
28994,"k2"
28995,"k6"
28995,"k9"
28995,"k10"
28996,"k6"
28996,"k9"
28996,"k14"
28997,"k6"
28997,"k9"
28997,"k8"
28998,"k2"
28998,"k10"
28998,"k7"
28999,"k9"
28999,"k2"
28999,"k1"
29000,"k1"
29000,"k6"
29000,"k10"
29001,"k6"
29001,"k14"
29001,"k10"
29002,"k10"
29002,"k6"
29002,"k9"
29003,"k10"
29003,"k4"
29003,"k3"
29004,"k9"
29004,"k10"
29004,"k14"
29005,"k6"
29005,"k14"
29005,"k4"
29006,"k6"
29006,"k10"
29006,"k1"
29007,"k9"
29007,"k4"
29007,"k10"
29008,"k6"
29008,"k9"
29008,"k1"
29009,"k1"
29009,"k14"
29009,"k3"
29010,"k3"
29010,"k10"
29010,"k8"
29011,"k9"
29011,"k10"
29011,"k4"
29012,"k6"
29012,"k14"
29012,"k9"
29013,"k9"
29013,"k10"
29013,"k6"
29014,"k10"
29014,"k2"
29014,"k6"
29015,"k6"
29015,"k10"
29015,"k2"
29016,"k10"
29016,"k9"
29016,"k6"
29017,"k9"
29017,"k6"
29017,"k1"
29018,"k6"
29018,"k9"
29018,"k14"
29019,"k6"
29019,"k10"
29019,"k1"
29020,"k10"
29020,"k2"
29020,"k11"
29021,"k10"
29021,"k6"
29021,"k2"
29022,"k6"
29022,"k9"
29022,"k14"
29023,"k10"
29023,"k6"
29023,"k2"
29024,"k6"
29024,"k9"
29024,"k14"
29025,"k11"
29025,"k10"
29025,"k2"
29026,"k6"
29026,"k9"
29026,"k1"
29027,"k4"
29027,"k6"
29027,"k1"
29028,"k9"
29028,"k4"
29028,"k10"
29029,"k9"
29029,"k10"
29029,"k14"
29030,"k9"
29030,"k1"
29030,"k14"
29031,"k6"
29031,"k14"
29031,"k1"
29032,"k9"
29032,"k10"
29032,"k14"
29033,"k6"
29033,"k1"
29033,"k4"
29034,"k6"
29034,"k9"
29034,"k14"
29035,"k4"
29035,"k9"
29035,"k6"
29036,"k9"
29036,"k6"
29036,"k4"
29037,"k13"
29037,"k6"
29037,"k9"
29038,"k6"
29038,"k2"
29038,"k10"
29039,"k6"
29039,"k10"
29039,"k14"
29040,"k10"
29040,"k3"
29040,"k4"
29041,"k10"
29041,"k9"
29041,"k6"
29042,"k6"
29042,"k9"
29042,"k10"
29043,"k10"
29043,"k9"
29043,"k11"
29044,"k6"
29044,"k9"
29044,"k4"
29045,"k9"
29045,"k6"
29045,"k10"
29046,"k10"
29046,"k1"
29046,"k3"
29047,"k6"
29047,"k2"
29047,"k10"
29048,"k9"
29048,"k4"
29048,"k10"
29049,"k6"
29049,"k2"
29049,"k1"
29050,"k6"
29050,"k1"
29050,"k14"
29051,"k1"
29051,"k9"
29051,"k4"
29052,"k6"
29052,"k1"
29052,"k9"
29053,"k10"
29053,"k8"
29053,"k1"
29054,"k6"
29054,"k10"
29054,"k9"
29055,"k10"
29055,"k1"
29055,"k9"
29056,"k3"
29056,"k4"
29056,"k9"
29057,"k6"
29057,"k10"
29057,"k1"
29058,"k10"
29058,"k6"
29058,"k4"
29059,"k10"
29059,"k1"
29059,"k6"
29060,"k2"
29060,"k11"
29060,"k10"
29061,"k9"
29061,"k6"
29061,"k10"
29062,"k6"
29062,"k9"
29062,"k10"
29063,"k1"
29063,"k9"
29063,"k6"
29064,"k6"
29064,"k10"
29064,"k9"
29065,"k6"
29065,"k9"
29065,"k10"
29066,"k6"
29066,"k9"
29066,"k4"
29067,"k1"
29067,"k6"
29067,"k12"
29068,"k9"
29068,"k6"
29068,"k10"
29069,"k9"
29069,"k10"
29069,"k14"
29070,"k9"
29070,"k2"
29070,"k6"
29071,"k6"
29071,"k9"
29071,"k14"
29072,"k10"
29072,"k4"
29072,"k9"
29073,"k9"
29073,"k10"
29073,"k6"
29074,"k6"
29074,"k2"
29074,"k14"
29075,"k6"
29075,"k10"
29075,"k9"
29076,"k9"
29076,"k4"
29076,"k10"
29077,"k6"
29077,"k9"
29077,"k11"
29078,"k6"
29078,"k2"
29078,"k14"
29079,"k10"
29079,"k9"
29079,"k2"
29080,"k9"
29080,"k5"
29080,"k2"
29081,"k1"
29081,"k9"
29081,"k6"
29082,"k10"
29082,"k6"
29082,"k2"
29083,"k6"
29083,"k9"
29083,"k2"
29084,"k6"
29084,"k9"
29084,"k4"
29085,"k10"
29085,"k6"
29085,"k2"
29086,"k6"
29086,"k9"
29086,"k3"
29087,"k10"
29087,"k9"
29087,"k6"
29088,"k10"
29088,"k6"
29088,"k13"
29089,"k1"
29089,"k6"
29089,"k4"
29090,"k6"
29090,"k9"
29090,"k13"
29091,"k6"
29091,"k14"
29091,"k9"
29092,"k10"
29092,"k6"
29092,"k9"
29093,"k6"
29093,"k14"
29093,"k10"
29094,"k6"
29094,"k9"
29094,"k4"
29095,"k9"
29095,"k6"
29095,"k10"
29096,"k4"
29096,"k5"
29096,"k9"
29097,"k6"
29097,"k9"
29097,"k1"
29098,"k9"
29098,"k6"
29098,"k14"
29099,"k9"
29099,"k6"
29099,"k10"
29100,"k6"
29100,"k9"
29100,"k10"
29101,"k6"
29101,"k9"
29101,"k11"
29102,"k9"
29102,"k6"
29102,"k1"
29103,"k10"
29103,"k14"
29103,"k13"
29104,"k4"
29104,"k9"
29104,"k3"
29105,"k9"
29105,"k6"
29105,"k1"
29106,"k6"
29106,"k9"
29106,"k1"
29107,"k9"
29107,"k2"
29107,"k14"
29108,"k10"
29108,"k2"
29108,"k6"
29109,"k10"
29109,"k6"
29109,"k2"
29110,"k6"
29110,"k9"
29110,"k10"
29111,"k9"
29111,"k1"
29111,"k6"
29112,"k2"
29112,"k10"
29112,"k14"
29113,"k6"
29113,"k4"
29113,"k9"
29114,"k9"
29114,"k6"
29114,"k1"
29115,"k6"
29115,"k9"
29115,"k10"
29116,"k6"
29116,"k9"
29116,"k14"
29117,"k2"
29117,"k6"
29117,"k10"
29118,"k6"
29118,"k9"
29118,"k10"
29119,"k9"
29119,"k10"
29119,"k6"
817,"k9"
817,"k2"
817,"k3"
171801,"k9"
171801,"k1"
171801,"k14"
171802,"k4"
171802,"k12"
171802,"k9"
171803,"k7"
171803,"k13"
171803,"k2"
171804,"k1"
171804,"k3"
171804,"k6"
171805,"k3"
171805,"k4"
171805,"k8"
171807,"k8"
171807,"k2"
171807,"k9"
171808,"k1"
171808,"k2"
171808,"k14"
171809,"k6"
171809,"k9"
171809,"k1"
171810,"k9"
171810,"k8"
171810,"k3"
171811,"k1"
171811,"k4"
171811,"k14"
171812,"k2"
171812,"k8"
171812,"k11"
171813,"k1"
171813,"k9"
171813,"k8"
171814,"k14"
171814,"k6"
171814,"k3"
171815,"k3"
171815,"k4"
171815,"k10"
171816,"k1"
171816,"k9"
171816,"k13"
171817,"k12"
171817,"k4"
171817,"k1"
171819,"k13"
171819,"k8"
171819,"k11"
171820,"k1"
171820,"k12"
171820,"k9"
171821,"k1"
171821,"k6"
171821,"k14"
171823,"k5"
171823,"k8"
171823,"k7"
171824,"k1"
171824,"k9"
171824,"k12"
171826,"k1"
171826,"k8"
171826,"k12"
171827,"k2"
171827,"k11"
171827,"k8"
171828,"k2"
171828,"k8"
171828,"k3"
171829,"k10"
171829,"k3"
171829,"k2"
171830,"k1"
171830,"k8"
171830,"k9"
171831,"k13"
171831,"k2"
171831,"k7"
171832,"k1"
171832,"k8"
171832,"k9"
171833,"k3"
171833,"k8"
171833,"k2"
171834,"k8"
171834,"k1"
171834,"k4"
171836,"k1"
171836,"k6"
171836,"k5"
171837,"k7"
171837,"k4"
171837,"k8"
171838,"k1"
171838,"k9"
171838,"k4"
171839,"k9"
171839,"k8"
171839,"k5"
171840,"k1"
171840,"k13"
171840,"k8"
171841,"k1"
171841,"k9"
171841,"k6"
171843,"k2"
171843,"k3"
171843,"k14"
171844,"k7"
171844,"k3"
171844,"k2"
171846,"k9"
171846,"k14"
171846,"k8"
171848,"k1"
171848,"k8"
171848,"k9"
171849,"k2"
171849,"k8"
171849,"k7"
171850,"k1"
171850,"k4"
171850,"k9"
171852,"k1"
171852,"k8"
171852,"k4"
171853,"k8"
171853,"k1"
171853,"k9"
171855,"k3"
171855,"k2"
171855,"k9"
171856,"k1"
171856,"k3"
171856,"k8"
171858,"k3"
171858,"k6"
171858,"k9"
171860,"k1"
171860,"k6"
171860,"k9"
171861,"k5"
171861,"k4"
171861,"k8"
171863,"k1"
171863,"k9"
171863,"k3"
171864,"k1"
171864,"k6"
171864,"k9"
171866,"k4"
171866,"k10"
171866,"k8"
171867,"k5"
171867,"k12"
171867,"k9"
171868,"k1"
171868,"k12"
171868,"k5"
171869,"k1"
171869,"k12"
171869,"k3"
171870,"k1"
171870,"k6"
171870,"k9"
171873,"k8"
171873,"k12"
171873,"k2"
171874,"k4"
171874,"k1"
171874,"k12"
171875,"k1"
171875,"k9"
171875,"k4"
171876,"k5"
171876,"k13"
171876,"k3"
171878,"k2"
171878,"k11"
171878,"k8"
171879,"k1"
171879,"k9"
171879,"k8"
171880,"k1"
171880,"k9"
171880,"k8"
171881,"k1"
171881,"k6"
171881,"k5"
171882,"k1"
171882,"k9"
171882,"k8"
171883,"k2"
171883,"k10"
171883,"k11"
171884,"k9"
171884,"k5"
171884,"k8"
171885,"k2"
171885,"k7"
171885,"k11"
171886,"k8"
171886,"k12"
171886,"k1"
171889,"k8"
171889,"k12"
171889,"k1"
171890,"k11"
171890,"k2"
171890,"k8"
171891,"k3"
171891,"k9"
171891,"k8"
171892,"k7"
171892,"k3"
171892,"k8"
171894,"k6"
171894,"k9"
171894,"k12"
171895,"k7"
171895,"k8"
171895,"k13"
171896,"k3"
171896,"k8"
171896,"k9"
171897,"k1"
171897,"k13"
171897,"k14"
171898,"k10"
171898,"k2"
171898,"k11"
171899,"k2"
171899,"k11"
171899,"k3"
171900,"k1"
171900,"k12"
171900,"k7"
244721,"k12"
244721,"k8"
244721,"k9"
244723,"k12"
244723,"k4"
244723,"k14"
244729,"k12"
244729,"k4"
244729,"k10"
244737,"k8"
244737,"k12"
244737,"k9"
244741,"k12"
244741,"k8"
244741,"k9"
244743,"k3"
244743,"k8"
244743,"k9"
244747,"k3"
244747,"k8"
244747,"k12"
244750,"k5"
244750,"k14"
244750,"k9"
244758,"k8"
244758,"k9"
244758,"k7"
244763,"k14"
244763,"k5"
244763,"k3"
244768,"k13"
244768,"k12"
244768,"k3"
244777,"k3"
244777,"k13"
244777,"k7"
244779,"k9"
244779,"k8"
244779,"k3"
244784,"k3"
244784,"k2"
244784,"k14"
244786,"k12"
244786,"k8"
244786,"k13"
244788,"k4"
244788,"k12"
244788,"k10"
244791,"k12"
244791,"k4"
244791,"k1"
244793,"k3"
244793,"k5"
244793,"k12"
244802,"k5"
244802,"k3"
244802,"k7"
244804,"k3"
244804,"k8"
244804,"k2"
244810,"k1"
244810,"k3"
244810,"k10"
244811,"k12"
244811,"k3"
244811,"k4"
244819,"k3"
244819,"k8"
244819,"k12"
244821,"k13"
244821,"k1"
244821,"k9"
244829,"k5"
244829,"k12"
244829,"k8"
244834,"k8"
244834,"k9"
244834,"k10"
244840,"k9"
244840,"k5"
244840,"k7"
244843,"k3"
244843,"k5"
244843,"k1"
244849,"k3"
244849,"k8"
244849,"k1"
244852,"k9"
244852,"k1"
244852,"k5"
244855,"k13"
244855,"k7"
244855,"k10"
244856,"k3"
244856,"k10"
244856,"k14"
244857,"k3"
244857,"k1"
244857,"k12"
244863,"k12"
244863,"k4"
244863,"k8"
244880,"k3"
244880,"k1"
244880,"k13"
244881,"k3"
244881,"k12"
244881,"k4"
244883,"k9"
244883,"k14"
244883,"k6"
244885,"k3"
244885,"k5"
244885,"k13"
244892,"k8"
244892,"k10"
244892,"k5"
244898,"k9"
244898,"k5"
244898,"k13"
244905,"k12"
244905,"k8"
244905,"k3"
244906,"k9"
244906,"k10"
244906,"k8"
244909,"k9"
244909,"k6"
244909,"k14"
244910,"k6"
244910,"k5"
244910,"k3"
244925,"k1"
244925,"k6"
244925,"k9"
244931,"k12"
244931,"k4"
244931,"k5"
244932,"k13"
244932,"k12"
244932,"k14"
244939,"k12"
244939,"k4"
244939,"k3"
244942,"k3"
244942,"k9"
244942,"k5"
244945,"k1"
244945,"k12"
244945,"k8"
244946,"k12"
244946,"k8"
244946,"k13"
244950,"k9"
244950,"k14"
244950,"k1"
244953,"k8"
244953,"k10"
244953,"k3"
244954,"k1"
244954,"k3"
244954,"k9"
244963,"k3"
244963,"k14"
244963,"k10"
244972,"k3"
244972,"k1"
244972,"k5"
244981,"k8"
244981,"k14"
244981,"k3"
244988,"k3"
244988,"k9"
244988,"k7"
244997,"k5"
244997,"k3"
244997,"k8"
245001,"k3"
245001,"k5"
245001,"k8"
245009,"k9"
245009,"k3"
245009,"k1"
245012,"k3"
245012,"k5"
245012,"k8"
245021,"k3"
245021,"k5"
245021,"k10"
245028,"k2"
245028,"k3"
245028,"k14"
245033,"k13"
245033,"k9"
245033,"k6"
245035,"k3"
245035,"k8"
245035,"k12"
245044,"k3"
245044,"k14"
245044,"k8"
245045,"k12"
245045,"k3"
245045,"k4"
245046,"k3"
245046,"k14"
245046,"k9"
245054,"k5"
245054,"k3"
245054,"k8"
245055,"k9"
245055,"k5"
245055,"k14"
245058,"k1"
245058,"k3"
245058,"k14"
245060,"k9"
245060,"k5"
245060,"k1"
245064,"k3"
245064,"k8"
245064,"k12"
245067,"k12"
245067,"k13"
245067,"k10"
245074,"k13"
245074,"k7"
245074,"k14"
245076,"k12"
245076,"k4"
245076,"k1"
245078,"k12"
245078,"k3"
245078,"k8"
245080,"k12"
245080,"k4"
245080,"k3"
245086,"k3"
245086,"k8"
245086,"k1"
245088,"k7"
245088,"k10"
245088,"k12"
245092,"k12"
245092,"k13"
245092,"k4"
245100,"k10"
245100,"k5"
245100,"k13"
245102,"k12"
245102,"k4"
245102,"k8"
245111,"k5"
245111,"k12"
245111,"k4"
245119,"k6"
245119,"k9"
245119,"k10"
245123,"k13"
245123,"k12"
245123,"k1"
245128,"k9"
245128,"k14"
245128,"k10"
245132,"k13"
245132,"k3"
245132,"k10"
245133,"k7"
245133,"k13"
245133,"k10"
245134,"k12"
245134,"k5"
245134,"k8"
245153,"k7"
245153,"k8"
245153,"k14"
245157,"k14"
245157,"k5"
245157,"k8"
245159,"k9"
245159,"k8"
245159,"k1"
245160,"k4"
245160,"k9"
245160,"k5"
245161,"k3"
245161,"k13"
245161,"k8"
245172,"k3"
245172,"k9"
245172,"k5"
245174,"k4"
245174,"k3"
245174,"k5"
245176,"k5"
245176,"k12"
245176,"k13"
245186,"k5"
245186,"k3"
245186,"k10"
245192,"k3"
245192,"k8"
245192,"k12"
245193,"k4"
245193,"k12"
245193,"k14"
245200,"k8"
245200,"k11"
245200,"k3"
245214,"k8"
245214,"k10"
245214,"k11"
245215,"k12"
245215,"k8"
245215,"k14"
245222,"k9"
245222,"k5"
245222,"k13"
245224,"k5"
245224,"k12"
245224,"k13"
245234,"k9"
245234,"k3"
245234,"k1"
245240,"k12"
245240,"k5"
245240,"k13"
245245,"k3"
245245,"k8"
245245,"k9"
245252,"k5"
245252,"k10"
245252,"k7"
245253,"k4"
245253,"k12"
245253,"k5"
245256,"k1"
245256,"k9"
245256,"k8"
245263,"k3"
245263,"k8"
245263,"k12"
245265,"k5"
245265,"k13"
245265,"k12"
245266,"k1"
245266,"k12"
245266,"k8"
245272,"k5"
245272,"k12"
245272,"k13"
245275,"k13"
245275,"k7"
245275,"k9"
245276,"k12"
245276,"k14"
245276,"k8"
245278,"k13"
245278,"k12"
245278,"k3"
245280,"k3"
245280,"k5"
245280,"k14"
245292,"k9"
245292,"k5"
245292,"k8"
245295,"k12"
245295,"k3"
245295,"k4"
245304,"k1"
245304,"k12"
245304,"k8"
245305,"k9"
245305,"k14"
245305,"k13"
245307,"k9"
245307,"k3"
245307,"k1"
245309,"k13"
245309,"k3"
245309,"k8"
245314,"k12"
245314,"k9"
245314,"k4"
245322,"k3"
245322,"k14"
245322,"k8"
245340,"k3"
245340,"k14"
245340,"k8"
245341,"k3"
245341,"k9"
245341,"k5"
245345,"k13"
245345,"k5"
245345,"k12"
245346,"k3"
245346,"k10"
245346,"k9"
245347,"k9"
245347,"k13"
245347,"k5"
245354,"k3"
245354,"k5"
245354,"k6"
245365,"k3"
245365,"k9"
245365,"k4"
245367,"k5"
245367,"k12"
245367,"k3"
245369,"k8"
245369,"k3"
245369,"k14"
245371,"k3"
245371,"k8"
245371,"k5"
245376,"k9"
245376,"k13"
245376,"k8"
245377,"k1"
245377,"k9"
245377,"k8"
245379,"k3"
245379,"k9"
245379,"k14"
245380,"k12"
245380,"k5"
245380,"k13"
245381,"k3"
245381,"k12"
245381,"k13"
245384,"k1"
245384,"k3"
245384,"k9"
245390,"k8"
245390,"k2"
245390,"k14"
245392,"k3"
245392,"k13"
245392,"k1"
245393,"k12"
245393,"k10"
245393,"k13"
245395,"k3"
245395,"k9"
245395,"k8"
245397,"k3"
245397,"k5"
245397,"k13"
245398,"k3"
245398,"k9"
245398,"k1"
245399,"k9"
245399,"k1"
245399,"k8"
245400,"k5"
245400,"k10"
245400,"k13"
245401,"k3"
245401,"k8"
245401,"k5"
245402,"k12"
245402,"k13"
245402,"k8"
245403,"k12"
245403,"k4"
245403,"k8"
245404,"k9"
245404,"k1"
245404,"k8"
245413,"k3"
245413,"k8"
245413,"k14"
245425,"k3"
245425,"k12"
245425,"k4"
245429,"k9"
245429,"k14"
245429,"k2"
245431,"k8"
245431,"k14"
245431,"k7"
245438,"k5"
245438,"k3"
245438,"k13"
245445,"k10"
245445,"k3"
245445,"k14"
245448,"k6"
245448,"k3"
245448,"k8"
245451,"k13"
245451,"k7"
245451,"k9"
245452,"k3"
245452,"k13"
245452,"k8"
245481,"k12"
245481,"k9"
245481,"k5"
245485,"k3"
245485,"k9"
245485,"k14"
245487,"k3"
245487,"k8"
245487,"k13"
245490,"k14"
245490,"k13"
245490,"k12"
245499,"k5"
245499,"k1"
245499,"k4"
245508,"k12"
245508,"k4"
245508,"k9"
245509,"k10"
245509,"k3"
245509,"k5"
245513,"k1"
245513,"k8"
245513,"k10"
245517,"k13"
245517,"k9"
245517,"k14"
245519,"k1"
245519,"k5"
245519,"k13"
245524,"k9"
245524,"k14"
245524,"k8"
245525,"k8"
245525,"k12"
245525,"k9"
245527,"k1"
245527,"k3"
245527,"k9"
245532,"k3"
245532,"k14"
245532,"k8"
245542,"k7"
245542,"k13"
245542,"k9"
245549,"k9"
245549,"k3"
245549,"k1"
245551,"k1"
245551,"k6"
245551,"k9"
245553,"k1"
245553,"k13"
245553,"k7"
245559,"k3"
245559,"k14"
245559,"k8"
245568,"k3"
245568,"k8"
245568,"k9"
245574,"k13"
245574,"k10"
245574,"k1"
245577,"k13"
245577,"k14"
245577,"k6"
245598,"k1"
245598,"k3"
245598,"k13"
245606,"k14"
245606,"k10"
245606,"k2"
245611,"k5"
245611,"k3"
245611,"k8"
245615,"k3"
245615,"k10"
245615,"k9"
245618,"k9"
245618,"k4"
245618,"k1"
245622,"k12"
245622,"k9"
245622,"k8"
245629,"k9"
245629,"k2"
245629,"k3"
245634,"k3"
245634,"k10"
245634,"k14"
245636,"k5"
245636,"k13"
245636,"k11"
245638,"k3"
245638,"k12"
245638,"k13"
245641,"k3"
245641,"k12"
245641,"k14"
245645,"k9"
245645,"k1"
245645,"k8"
245649,"k1"
245649,"k6"
245649,"k3"
245651,"k4"
245651,"k10"
245651,"k3"
245653,"k3"
245653,"k12"
245653,"k4"
245654,"k1"
245654,"k9"
245654,"k5"
245656,"k12"
245656,"k3"
245656,"k4"
245658,"k3"
245658,"k5"
245658,"k8"
245663,"k8"
245663,"k12"
245663,"k14"
245669,"k1"
245669,"k8"
245669,"k12"
245672,"k9"
245672,"k6"
245672,"k4"
245674,"k7"
245674,"k3"
245674,"k14"
245675,"k4"
245675,"k12"
245675,"k3"
245676,"k12"
245676,"k13"
245676,"k4"
245677,"k12"
245677,"k4"
245677,"k8"
245684,"k12"
245684,"k4"
245684,"k5"
245695,"k13"
245695,"k1"
245695,"k7"
245706,"k5"
245706,"k4"
245706,"k12"
245715,"k12"
245715,"k8"
245715,"k3"
245718,"k5"
245718,"k13"
245718,"k8"
245720,"k9"
245720,"k13"
245720,"k8"
245722,"k5"
245722,"k9"
245722,"k10"
245723,"k13"
245723,"k14"
245723,"k5"
245727,"k3"
245727,"k13"
245727,"k7"
245728,"k12"
245728,"k3"
245728,"k4"
245731,"k3"
245731,"k5"
245731,"k8"
245732,"k9"
245732,"k8"
245732,"k3"
245745,"k9"
245745,"k3"
245745,"k5"
245747,"k3"
245747,"k8"
245747,"k12"
245749,"k3"
245749,"k14"
245749,"k9"
245752,"k12"
245752,"k3"
245752,"k1"
245756,"k5"
245756,"k3"
245756,"k8"
245759,"k14"
245759,"k3"
245759,"k5"
245765,"k3"
245765,"k14"
245765,"k8"
245773,"k5"
245773,"k12"
245773,"k13"
245774,"k9"
245774,"k1"
245774,"k4"
245775,"k14"
245775,"k8"
245775,"k2"
245783,"k3"
245783,"k6"
245783,"k1"
245784,"k1"
245784,"k6"
245784,"k9"
245793,"k5"
245793,"k13"
245793,"k12"
245799,"k9"
245799,"k5"
245799,"k14"
245806,"k9"
245806,"k5"
245806,"k8"
245812,"k5"
245812,"k1"
245812,"k4"
245824,"k3"
245824,"k8"
245824,"k9"
245825,"k3"
245825,"k1"
245825,"k7"
245831,"k10"
245831,"k9"
245831,"k1"
245833,"k14"
245833,"k2"
245833,"k7"
245845,"k14"
245845,"k3"
245845,"k5"
245858,"k1"
245858,"k6"
245858,"k9"
245880,"k13"
245880,"k9"
245880,"k10"
245886,"k5"
245886,"k8"
245886,"k9"
245889,"k3"
245889,"k8"
245889,"k9"
245891,"k1"
245891,"k13"
245891,"k12"
245892,"k12"
245892,"k3"
245892,"k4"
245908,"k1"
245908,"k6"
245908,"k9"
245916,"k9"
245916,"k6"
245916,"k8"
245917,"k9"
245917,"k12"
245917,"k8"
245919,"k12"
245919,"k5"
245919,"k8"
245921,"k3"
245921,"k1"
245921,"k5"
245925,"k9"
245925,"k4"
245925,"k1"
245959,"k1"
245959,"k3"
245959,"k8"
245960,"k12"
245960,"k8"
245960,"k2"
245961,"k8"
245961,"k2"
245961,"k14"
245968,"k12"
245968,"k8"
245968,"k3"
245970,"k9"
245970,"k5"
245970,"k1"
245974,"k3"
245974,"k13"
245974,"k8"
245975,"k9"
245975,"k1"
245975,"k13"
245978,"k14"
245978,"k7"
245978,"k12"
245984,"k10"
245984,"k3"
245984,"k5"
245990,"k12"
245990,"k14"
245990,"k8"
245993,"k13"
245993,"k12"
245993,"k8"
246004,"k14"
246004,"k9"
246004,"k3"
246008,"k8"
246008,"k12"
246008,"k4"
246009,"k3"
246009,"k13"
246009,"k5"
246011,"k3"
246011,"k8"
246011,"k7"
246015,"k13"
246015,"k7"
246015,"k8"
246017,"k3"
246017,"k5"
246017,"k8"
246022,"k7"
246022,"k3"
246022,"k10"
246024,"k10"
246024,"k3"
246024,"k14"
246036,"k8"
246036,"k3"
246036,"k13"
246042,"k5"
246042,"k12"
246042,"k8"
246044,"k8"
246044,"k1"
246044,"k3"
246049,"k13"
246049,"k4"
246049,"k14"
246054,"k12"
246054,"k3"
246054,"k9"
246056,"k3"
246056,"k5"
246056,"k9"
246067,"k3"
246067,"k13"
246067,"k8"
246071,"k1"
246071,"k12"
246071,"k14"
246078,"k1"
246078,"k10"
246078,"k9"
246084,"k8"
246084,"k3"
246084,"k9"
246086,"k9"
246086,"k5"
246086,"k14"
246092,"k8"
246092,"k12"
246092,"k5"
246093,"k12"
246093,"k8"
246093,"k13"
246100,"k8"
246100,"k13"
246100,"k12"
246102,"k9"
246102,"k1"
246102,"k14"
246103,"k5"
246103,"k12"
246103,"k13"
246110,"k9"
246110,"k3"
246110,"k1"
246111,"k10"
246111,"k3"
246111,"k14"
246113,"k3"
246113,"k9"
246113,"k1"
246114,"k9"
246114,"k14"
246114,"k3"
246118,"k3"
246118,"k8"
246118,"k5"
246121,"k3"
246121,"k5"
246121,"k9"
246129,"k3"
246129,"k5"
246129,"k1"
246130,"k13"
246130,"k1"
246130,"k7"
246131,"k3"
246131,"k1"
246131,"k4"
246132,"k3"
246132,"k8"
246132,"k12"
246133,"k3"
246133,"k9"
246133,"k8"
246139,"k9"
246139,"k3"
246139,"k5"
246141,"k3"
246141,"k8"
246141,"k1"
246143,"k3"
246143,"k8"
246143,"k9"
246144,"k7"
246144,"k14"
246144,"k8"
246145,"k3"
246145,"k4"
246145,"k8"
246154,"k9"
246154,"k10"
246154,"k1"
246165,"k3"
246165,"k8"
246165,"k14"
246170,"k3"
246170,"k8"
246170,"k1"
246179,"k3"
246179,"k10"
246179,"k14"
246181,"k5"
246181,"k12"
246181,"k3"
246185,"k5"
246185,"k14"
246185,"k4"
246193,"k5"
246193,"k8"
246193,"k12"
246194,"k13"
246194,"k3"
246194,"k12"
246200,"k12"
246200,"k4"
246200,"k9"
246201,"k3"
246201,"k12"
246201,"k5"
246203,"k3"
246203,"k9"
246203,"k14"
246204,"k3"
246204,"k9"
246204,"k5"
246205,"k9"
246205,"k4"
246205,"k5"
246211,"k1"
246211,"k13"
246211,"k12"
246212,"k3"
246212,"k12"
246212,"k5"
246215,"k8"
246215,"k14"
246215,"k7"
246223,"k1"
246223,"k9"
246223,"k7"
246227,"k3"
246227,"k1"
246227,"k4"
246231,"k4"
246231,"k3"
246231,"k1"
246234,"k9"
246234,"k5"
246234,"k14"
246237,"k1"
246237,"k3"
246237,"k9"
246241,"k5"
246241,"k3"
246241,"k12"
246242,"k9"
246242,"k3"
246242,"k1"
246246,"k14"
246246,"k9"
246246,"k2"
246257,"k8"
246257,"k3"
246257,"k10"
246259,"k3"
246259,"k7"
246259,"k10"
246266,"k12"
246266,"k5"
246266,"k3"
246269,"k1"
246269,"k5"
246269,"k9"
246273,"k10"
246273,"k14"
246273,"k8"
246278,"k9"
246278,"k3"
246278,"k5"
246283,"k3"
246283,"k10"
246283,"k7"
246293,"k1"
246293,"k3"
246293,"k14"
246296,"k13"
246296,"k8"
246296,"k3"
246298,"k1"
246298,"k6"
246298,"k9"
246299,"k9"
246299,"k3"
246299,"k13"
246301,"k3"
246301,"k14"
246301,"k2"
246302,"k12"
246302,"k5"
246302,"k3"
246303,"k9"
246303,"k8"
246303,"k2"
246305,"k6"
246305,"k8"
246305,"k3"
246309,"k3"
246309,"k8"
246309,"k14"
246320,"k9"
246320,"k5"
246320,"k10"
246321,"k13"
246321,"k5"
246321,"k12"
246322,"k8"
246322,"k14"
246322,"k10"
246323,"k3"
246323,"k10"
246323,"k7"
246324,"k6"
246324,"k14"
246324,"k3"
246328,"k5"
246328,"k13"
246328,"k3"
246330,"k3"
246330,"k5"
246330,"k9"
246335,"k1"
246335,"k3"
246335,"k14"
246338,"k12"
246338,"k4"
246338,"k8"
246340,"k3"
246340,"k2"
246340,"k14"
246341,"k3"
246341,"k5"
246341,"k13"
246343,"k5"
246343,"k12"
246343,"k14"
246354,"k8"
246354,"k12"
246354,"k5"
246358,"k9"
246358,"k14"
246358,"k1"
246359,"k8"
246359,"k14"
246359,"k3"
246363,"k9"
246363,"k3"
246363,"k8"
246366,"k9"
246366,"k14"
246366,"k2"
246371,"k1"
246371,"k6"
246371,"k9"
246374,"k5"
246374,"k13"
246374,"k12"
246376,"k3"
246376,"k8"
246376,"k14"
246377,"k9"
246377,"k1"
246377,"k6"
246378,"k13"
246378,"k7"
246378,"k10"
246379,"k3"
246379,"k8"
246379,"k9"
246380,"k9"
246380,"k5"
246380,"k1"
246381,"k9"
246381,"k3"
246381,"k8"
246388,"k10"
246388,"k9"
246388,"k7"
246394,"k3"
246394,"k9"
246394,"k8"
246399,"k5"
246399,"k8"
246399,"k10"
246413,"k1"
246413,"k3"
246413,"k14"
246415,"k3"
246415,"k10"
246415,"k8"
246416,"k2"
246416,"k10"
246416,"k6"
246423,"k3"
246423,"k5"
246423,"k9"
246424,"k9"
246424,"k1"
246424,"k3"
246426,"k12"
246426,"k8"
246426,"k4"
246428,"k13"
246428,"k3"
246428,"k12"
246430,"k12"
246430,"k14"
246430,"k13"
246431,"k3"
246431,"k9"
246431,"k5"
246432,"k1"
246432,"k3"
246432,"k8"
246439,"k14"
246439,"k3"
246439,"k8"
246440,"k8"
246440,"k12"
246440,"k14"
246442,"k3"
246442,"k12"
246442,"k5"
246446,"k13"
246446,"k9"
246446,"k1"
246466,"k14"
246466,"k9"
246466,"k5"
246467,"k12"
246467,"k4"
246467,"k3"
246473,"k5"
246473,"k3"
246473,"k12"
246474,"k9"
246474,"k5"
246474,"k1"
246480,"k12"
246480,"k8"
246480,"k5"
246482,"k5"
246482,"k10"
246482,"k8"
246484,"k13"
246484,"k3"
246484,"k6"
246486,"k4"
246486,"k5"
246486,"k10"
246491,"k2"
246491,"k10"
246491,"k14"
246492,"k1"
246492,"k12"
246492,"k9"
246499,"k7"
246499,"k3"
246499,"k9"
246502,"k8"
246502,"k12"
246502,"k3"
246507,"k3"
246507,"k5"
246507,"k12"
246509,"k12"
246509,"k10"
246509,"k3"
246510,"k12"
246510,"k4"
246510,"k3"
246515,"k3"
246515,"k14"
246515,"k8"
246518,"k3"
246518,"k12"
246518,"k8"
246524,"k3"
246524,"k5"
246524,"k1"
246526,"k3"
246526,"k8"
246526,"k6"
246530,"k3"
246530,"k9"
246530,"k1"
246533,"k5"
246533,"k13"
246533,"k3"
246540,"k3"
246540,"k8"
246540,"k5"
246547,"k5"
246547,"k9"
246547,"k14"
246549,"k12"
246549,"k4"
246549,"k3"
246552,"k5"
246552,"k3"
246552,"k12"
246563,"k5"
246563,"k8"
246563,"k13"
246565,"k3"
246565,"k14"
246565,"k13"
246582,"k1"
246582,"k13"
246582,"k5"
246587,"k8"
246587,"k14"
246587,"k2"
246590,"k8"
246590,"k12"
246590,"k10"
246596,"k8"
246596,"k13"
246596,"k3"
246601,"k1"
246601,"k12"
246601,"k8"
246607,"k1"
246607,"k3"
246607,"k7"
246610,"k3"
246610,"k14"
246610,"k8"
246612,"k13"
246612,"k10"
246612,"k5"
246614,"k5"
246614,"k9"
246614,"k3"
246616,"k12"
246616,"k5"
246616,"k8"
246618,"k3"
246618,"k8"
246618,"k14"
246619,"k12"
246619,"k8"
246619,"k3"
246625,"k1"
246625,"k5"
246625,"k3"
246630,"k9"
246630,"k12"
246630,"k6"
246632,"k5"
246632,"k13"
246632,"k7"
246637,"k9"
246637,"k5"
246637,"k1"
246643,"k9"
246643,"k5"
246643,"k3"
246644,"k9"
246644,"k8"
246644,"k7"
246649,"k5"
246649,"k12"
246649,"k8"
246657,"k9"
246657,"k13"
246657,"k5"
246659,"k3"
246659,"k14"
246659,"k8"
246665,"k5"
246665,"k4"
246665,"k9"
246668,"k3"
246668,"k9"
246668,"k10"
246670,"k14"
246670,"k11"
246670,"k2"
246671,"k3"
246671,"k9"
246671,"k1"
246672,"k5"
246672,"k12"
246672,"k13"
246676,"k3"
246676,"k8"
246676,"k12"
246677,"k3"
246677,"k14"
246677,"k10"
246678,"k9"
246678,"k2"
246678,"k8"
246687,"k12"
246687,"k4"
246687,"k3"
246691,"k13"
246691,"k1"
246691,"k14"
246693,"k3"
246693,"k5"
246693,"k1"
246694,"k12"
246694,"k14"
246694,"k1"
246699,"k3"
246699,"k14"
246699,"k8"
246708,"k5"
246708,"k3"
246708,"k8"
246710,"k12"
246710,"k13"
246710,"k5"
246711,"k3"
246711,"k1"
246711,"k10"
246713,"k12"
246713,"k10"
246713,"k5"
246721,"k12"
246721,"k3"
246721,"k4"
246722,"k12"
246722,"k3"
246722,"k8"
246723,"k2"
246723,"k9"
246723,"k7"
246724,"k9"
246724,"k4"
246724,"k13"
246729,"k3"
246729,"k14"
246729,"k8"
246734,"k12"
246734,"k7"
246734,"k8"
246740,"k1"
246740,"k14"
246740,"k3"
246741,"k5"
246741,"k9"
246741,"k4"
246743,"k8"
246743,"k7"
246743,"k3"
246745,"k3"
246745,"k5"
246745,"k14"
246755,"k8"
246755,"k12"
246755,"k1"
246770,"k9"
246770,"k13"
246770,"k1"
246781,"k1"
246781,"k9"
246781,"k3"
246782,"k8"
246782,"k3"
246782,"k7"
246783,"k3"
246783,"k4"
246783,"k8"
246787,"k5"
246787,"k9"
246787,"k13"
246789,"k8"
246789,"k3"
246789,"k14"
246797,"k3"
246797,"k12"
246797,"k5"
246804,"k10"
246804,"k14"
246804,"k2"
246819,"k3"
246819,"k8"
246819,"k1"
246822,"k3"
246822,"k1"
246822,"k13"
246824,"k9"
246824,"k5"
246824,"k13"
246837,"k12"
246837,"k4"
246837,"k10"
246838,"k3"
246838,"k12"
246838,"k10"
246840,"k8"
246840,"k12"
246840,"k3"
246841,"k9"
246841,"k6"
246841,"k3"
246842,"k6"
246842,"k9"
246842,"k8"
246843,"k5"
246843,"k8"
246843,"k9"
246847,"k3"
246847,"k1"
246847,"k7"
246848,"k3"
246848,"k5"
246848,"k12"
246856,"k9"
246856,"k8"
246856,"k13"
246858,"k12"
246858,"k3"
246858,"k7"
246859,"k12"
246859,"k1"
246859,"k3"
246860,"k3"
246860,"k2"
246860,"k9"
246870,"k8"
246870,"k12"
246870,"k3"
246873,"k5"
246873,"k12"
246873,"k4"
246874,"k3"
246874,"k1"
246874,"k14"
246875,"k8"
246875,"k12"
246875,"k3"
246876,"k3"
246876,"k9"
246876,"k14"
246882,"k3"
246882,"k12"
246882,"k8"
246890,"k8"
246890,"k3"
246890,"k12"
246896,"k3"
246896,"k9"
246896,"k8"
246899,"k8"
246899,"k5"
246899,"k12"
246904,"k8"
246904,"k9"
246904,"k1"
246911,"k8"
246911,"k3"
246911,"k7"
246912,"k12"
246912,"k4"
246912,"k8"
246918,"k3"
246918,"k14"
246918,"k8"
246919,"k3"
246919,"k5"
246919,"k10"
246925,"k6"
246925,"k1"
246925,"k3"
246926,"k14"
246926,"k7"
246926,"k13"
246936,"k1"
246936,"k4"
246936,"k12"
246941,"k12"
246941,"k8"
246941,"k14"
246943,"k12"
246943,"k8"
246943,"k4"
246945,"k5"
246945,"k3"
246945,"k9"
246947,"k1"
246947,"k3"
246947,"k9"
246949,"k1"
246949,"k6"
246949,"k9"
246950,"k1"
246950,"k6"
246950,"k9"
246951,"k3"
246951,"k5"
246951,"k8"
246953,"k9"
246953,"k1"
246953,"k7"
246972,"k9"
246972,"k5"
246972,"k14"
246979,"k3"
246979,"k9"
246979,"k7"
246986,"k3"
246986,"k8"
246986,"k9"
246988,"k3"
246988,"k8"
246988,"k9"
246989,"k12"
246989,"k4"
246989,"k13"
246990,"k9"
246990,"k14"
246990,"k1"
246992,"k5"
246992,"k8"
246992,"k13"
246993,"k3"
246993,"k1"
246993,"k13"
246994,"k12"
246994,"k5"
246994,"k8"
246997,"k13"
246997,"k7"
246997,"k8"
247000,"k3"
247000,"k8"
247000,"k1"
247003,"k3"
247003,"k8"
247003,"k9"
247009,"k3"
247009,"k10"
247009,"k9"
247014,"k8"
247014,"k4"
247014,"k5"
247019,"k8"
247019,"k5"
247019,"k3"
247020,"k10"
247020,"k12"
247020,"k5"
247027,"k3"
247027,"k10"
247027,"k9"
247028,"k3"
247028,"k9"
247028,"k6"
247034,"k3"
247034,"k9"
247034,"k8"
247041,"k8"
247041,"k3"
247041,"k2"
247046,"k5"
247046,"k9"
247046,"k3"
247047,"k3"
247047,"k14"
247047,"k5"
247053,"k3"
247053,"k12"
247053,"k9"
247056,"k12"
247056,"k9"
247056,"k4"
247067,"k3"
247067,"k13"
247067,"k9"
247068,"k5"
247068,"k3"
247068,"k14"
247081,"k3"
247081,"k2"
247081,"k10"
247085,"k13"
247085,"k5"
247085,"k4"
247089,"k1"
247089,"k12"
247089,"k3"
247099,"k9"
247099,"k5"
247099,"k8"
247102,"k12"
247102,"k8"
247102,"k13"
247103,"k8"
247103,"k2"
247103,"k14"
247105,"k13"
247105,"k12"
247105,"k14"
247108,"k12"
247108,"k3"
247108,"k8"
247112,"k8"
247112,"k5"
247112,"k12"
247121,"k12"
247121,"k8"
247121,"k3"
247139,"k1"
247139,"k12"
247139,"k9"
247142,"k13"
247142,"k9"
247142,"k1"
247143,"k3"
247143,"k5"
247143,"k8"
247144,"k5"
247144,"k3"
247144,"k12"
247147,"k5"
247147,"k3"
247147,"k9"
247152,"k14"
247152,"k13"
247152,"k12"
247153,"k6"
247153,"k3"
247153,"k14"
247159,"k8"
247159,"k9"
247159,"k14"
247164,"k12"
247164,"k3"
247164,"k8"
247168,"k13"
247168,"k9"
247168,"k3"
247170,"k13"
247170,"k3"
247170,"k8"
247173,"k8"
247173,"k12"
247173,"k9"
247175,"k9"
247175,"k5"
247175,"k4"
247183,"k5"
247183,"k13"
247183,"k12"
247184,"k3"
247184,"k12"
247184,"k8"
247190,"k1"
247190,"k14"
247190,"k8"
247205,"k1"
247205,"k6"
247205,"k9"
247207,"k1"
247207,"k12"
247207,"k5"
247209,"k1"
247209,"k6"
247209,"k9"
247215,"k12"
247215,"k13"
247215,"k8"
247218,"k10"
247218,"k1"
247218,"k9"
247223,"k10"
247223,"k14"
247223,"k3"
247225,"k5"
247225,"k8"
247225,"k12"
247227,"k3"
247227,"k9"
247227,"k14"
247234,"k12"
247234,"k4"
247234,"k3"
247241,"k5"
247241,"k3"
247241,"k14"
247242,"k4"
247242,"k3"
247242,"k14"
247243,"k10"
247243,"k7"
247243,"k5"
247250,"k5"
247250,"k13"
247250,"k3"
247254,"k13"
247254,"k10"
247254,"k5"
247255,"k14"
247255,"k13"
247255,"k10"
247259,"k3"
247259,"k5"
247259,"k12"
247261,"k5"
247261,"k3"
247261,"k8"
247265,"k3"
247265,"k12"
247265,"k14"
247272,"k12"
247272,"k4"
247272,"k13"
247279,"k3"
247279,"k1"
247279,"k9"
247288,"k14"
247288,"k5"
247288,"k3"
247290,"k3"
247290,"k14"
247290,"k12"
247296,"k1"
247296,"k3"
247296,"k9"
247298,"k8"
247298,"k12"
247298,"k9"
247306,"k9"
247306,"k5"
247306,"k4"
247308,"k8"
247308,"k1"
247308,"k5"
247319,"k3"
247319,"k8"
247319,"k13"
247337,"k12"
247337,"k5"
247337,"k13"
247339,"k3"
247339,"k5"
247339,"k1"
247344,"k1"
247344,"k13"
247344,"k9"
247347,"k1"
247347,"k3"
247347,"k12"
247352,"k9"
247352,"k2"
247352,"k13"
247356,"k12"
247356,"k5"
247356,"k3"
247358,"k12"
247358,"k4"
247358,"k14"
247367,"k7"
247367,"k8"
247367,"k3"
247369,"k8"
247369,"k10"
247369,"k2"
247373,"k12"
247373,"k4"
247373,"k3"
247376,"k9"
247376,"k5"
247376,"k1"
247378,"k3"
247378,"k5"
247378,"k9"
247379,"k9"
247379,"k3"
247379,"k8"
247382,"k9"
247382,"k1"
247382,"k13"
247388,"k3"
247388,"k8"
247388,"k14"
247397,"k9"
247397,"k8"
247397,"k14"
247398,"k8"
247398,"k13"
247398,"k5"
247402,"k5"
247402,"k6"
247402,"k4"
247405,"k14"
247405,"k6"
247405,"k8"
247408,"k8"
247408,"k1"
247408,"k3"
247409,"k8"
247409,"k3"
247409,"k12"
247413,"k3"
247413,"k8"
247413,"k14"
247416,"k14"
247416,"k10"
247416,"k5"
247420,"k4"
247420,"k5"
247420,"k10"
247421,"k8"
247421,"k12"
247421,"k3"
247423,"k10"
247423,"k12"
247423,"k3"
247426,"k12"
247426,"k8"
247426,"k9"
247431,"k3"
247431,"k8"
247431,"k12"
247432,"k9"
247432,"k10"
247432,"k14"
247440,"k5"
247440,"k8"
247440,"k3"
247455,"k3"
247455,"k12"
247455,"k13"
247458,"k9"
247458,"k5"
247458,"k3"
247462,"k12"
247462,"k4"
247462,"k14"
247465,"k3"
247465,"k5"
247465,"k1"
247468,"k7"
247468,"k14"
247468,"k13"
247470,"k3"
247470,"k7"
247470,"k12"
247471,"k12"
247471,"k4"
247471,"k5"
247474,"k9"
247474,"k3"
247474,"k14"
247485,"k3"
247485,"k10"
247485,"k1"
247486,"k5"
247486,"k9"
247486,"k13"
247490,"k3"
247490,"k9"
247490,"k8"
247491,"k3"
247491,"k14"
247491,"k13"
247493,"k1"
247493,"k6"
247493,"k9"
247494,"k12"
247494,"k4"
247494,"k3"
247500,"k12"
247500,"k10"
247500,"k11"
247503,"k5"
247503,"k1"
247503,"k6"
247508,"k14"
247508,"k2"
247508,"k7"
247510,"k1"
247510,"k9"
247510,"k2"
247511,"k7"
247511,"k1"
247511,"k3"
247516,"k9"
247516,"k2"
247516,"k3"
247517,"k10"
247517,"k5"
247517,"k8"
247518,"k12"
247518,"k4"
247518,"k10"
247523,"k14"
247523,"k8"
247523,"k13"
247524,"k9"
247524,"k3"
247524,"k13"
247534,"k6"
247534,"k14"
247534,"k12"
247542,"k12"
247542,"k4"
247542,"k14"
247543,"k5"
247543,"k10"
247543,"k13"
247547,"k9"
247547,"k5"
247547,"k10"
247549,"k3"
247549,"k14"
247549,"k1"
247571,"k3"
247571,"k1"
247571,"k13"
247580,"k9"
247580,"k4"
247580,"k13"
247584,"k8"
247584,"k9"
247584,"k14"
247590,"k12"
247590,"k8"
247590,"k3"
247593,"k5"
247593,"k12"
247593,"k8"
247595,"k3"
247595,"k9"
247595,"k10"
247596,"k3"
247596,"k9"
247596,"k1"
247598,"k13"
247598,"k3"
247598,"k14"
247599,"k3"
247599,"k8"
247599,"k9"
247605,"k5"
247605,"k9"
247605,"k13"
247614,"k13"
247614,"k8"
247614,"k5"
247622,"k3"
247622,"k14"
247622,"k10"
247623,"k5"
247623,"k9"
247623,"k1"
247624,"k3"
247624,"k5"
247624,"k12"
247628,"k12"
247628,"k4"
247628,"k9"
247636,"k1"
247636,"k6"
247636,"k9"
247658,"k3"
247658,"k12"
247658,"k4"
247659,"k3"
247659,"k8"
247659,"k5"
247669,"k12"
247669,"k4"
247669,"k10"
247672,"k14"
247672,"k8"
247672,"k12"
247679,"k9"
247679,"k6"
247679,"k2"
247680,"k9"
247680,"k6"
247680,"k1"
247685,"k5"
247685,"k12"
247685,"k10"
247698,"k12"
247698,"k4"
247698,"k8"
247714,"k3"
247714,"k12"
247714,"k8"
247715,"k5"
247715,"k8"
247715,"k12"
247719,"k12"
247719,"k4"
247719,"k13"
247727,"k9"
247727,"k1"
247727,"k3"
247730,"k9"
247730,"k1"
247730,"k5"
247743,"k8"
247743,"k12"
247743,"k3"
247747,"k5"
247747,"k9"
247747,"k13"
247748,"k5"
247748,"k3"
247748,"k12"
247749,"k1"
247749,"k9"
247749,"k3"
247750,"k9"
247750,"k14"
247750,"k3"
247756,"k3"
247756,"k8"
247756,"k14"
247763,"k10"
247763,"k5"
247763,"k8"
247772,"k3"
247772,"k9"
247772,"k8"
247775,"k6"
247775,"k4"
247775,"k3"
247778,"k3"
247778,"k1"
247778,"k4"
247779,"k3"
247779,"k10"
247779,"k14"
247783,"k13"
247783,"k3"
247783,"k9"
247785,"k3"
247785,"k5"
247785,"k14"
247787,"k3"
247787,"k10"
247787,"k8"
247793,"k3"
247793,"k14"
247793,"k8"
247796,"k5"
247796,"k8"
247796,"k13"
247802,"k5"
247802,"k3"
247802,"k1"
247805,"k5"
247805,"k12"
247805,"k3"
247809,"k13"
247809,"k8"
247809,"k14"
247816,"k9"
247816,"k5"
247816,"k13"
247819,"k3"
247819,"k5"
247819,"k14"
247829,"k9"
247829,"k14"
247829,"k10"
247831,"k14"
247831,"k5"
247831,"k13"
247832,"k9"
247832,"k14"
247832,"k5"
247836,"k13"
247836,"k3"
247836,"k1"
247837,"k1"
247837,"k8"
247837,"k3"
247846,"k3"
247846,"k9"
247846,"k1"
247856,"k1"
247856,"k9"
247856,"k8"
247857,"k9"
247857,"k14"
247857,"k5"
247864,"k14"
247864,"k1"
247864,"k6"
247865,"k3"
247865,"k4"
247865,"k14"
247866,"k9"
247866,"k6"
247866,"k14"
247875,"k3"
247875,"k1"
247875,"k13"
247876,"k3"
247876,"k14"
247876,"k10"
247878,"k5"
247878,"k4"
247878,"k10"
247881,"k10"
247881,"k11"
247881,"k9"
247889,"k3"
247889,"k5"
247889,"k8"
247904,"k12"
247904,"k13"
247904,"k8"
247906,"k1"
247906,"k6"
247906,"k9"
247908,"k3"
247908,"k5"
247908,"k9"
247909,"k8"
247909,"k3"
247909,"k9"
247912,"k9"
247912,"k1"
247912,"k4"
247918,"k1"
247918,"k12"
247918,"k4"
247924,"k3"
247924,"k9"
247924,"k14"
247926,"k5"
247926,"k12"
247926,"k8"
247941,"k13"
247941,"k12"
247941,"k3"
247952,"k13"
247952,"k12"
247952,"k14"
247953,"k8"
247953,"k12"
247953,"k10"
247954,"k14"
247954,"k9"
247954,"k12"
247956,"k13"
247956,"k8"
247956,"k12"
247959,"k10"
247959,"k8"
247959,"k1"
247967,"k3"
247967,"k5"
247967,"k14"
247969,"k3"
247969,"k5"
247969,"k8"
247970,"k8"
247970,"k10"
247970,"k14"
247972,"k3"
247972,"k5"
247972,"k12"
247975,"k12"
247975,"k4"
247975,"k14"
247976,"k1"
247976,"k9"
247976,"k8"
247977,"k9"
247977,"k6"
247977,"k1"
247979,"k5"
247979,"k11"
247979,"k12"
247981,"k5"
247981,"k8"
247981,"k12"
247983,"k8"
247983,"k3"
247983,"k12"
247984,"k8"
247984,"k3"
247984,"k14"
247986,"k9"
247986,"k8"
247986,"k13"
247992,"k3"
247992,"k8"
247992,"k13"
247993,"k5"
247993,"k8"
247993,"k12"
247997,"k8"
247997,"k3"
247997,"k13"
247998,"k9"
247998,"k1"
247998,"k3"
248000,"k3"
248000,"k7"
248000,"k8"
248004,"k1"
248004,"k14"
248004,"k10"
248018,"k12"
248018,"k3"
248018,"k4"
248025,"k3"
248025,"k9"
248025,"k14"
248028,"k9"
248028,"k3"
248028,"k2"
248029,"k12"
248029,"k8"
248029,"k5"
248035,"k3"
248035,"k1"
248035,"k10"
248047,"k3"
248047,"k1"
248047,"k14"
248048,"k12"
248048,"k4"
248048,"k13"
248049,"k5"
248049,"k9"
248049,"k3"
248050,"k3"
248050,"k8"
248050,"k10"
248051,"k3"
248051,"k9"
248051,"k10"
248056,"k3"
248056,"k12"
248056,"k8"
248065,"k1"
248065,"k6"
248065,"k9"
248068,"k5"
248068,"k9"
248068,"k14"
248069,"k3"
248069,"k5"
248069,"k14"
248070,"k8"
248070,"k13"
248070,"k7"
248075,"k3"
248075,"k1"
248075,"k9"
248084,"k13"
248084,"k5"
248084,"k8"
248085,"k3"
248085,"k14"
248085,"k10"
248093,"k8"
248093,"k2"
248093,"k7"
248097,"k3"
248097,"k12"
248097,"k1"
248099,"k3"
248099,"k8"
248099,"k1"
248116,"k5"
248116,"k9"
248116,"k10"
248117,"k3"
248117,"k5"
248117,"k9"
248121,"k9"
248121,"k8"
248121,"k5"
248123,"k8"
248123,"k3"
248123,"k10"
248124,"k13"
248124,"k5"
248124,"k12"
248147,"k1"
248147,"k6"
248147,"k9"
248153,"k12"
248153,"k4"
248153,"k9"
248156,"k8"
248156,"k3"
248156,"k12"
248160,"k8"
248160,"k10"
248160,"k13"
248162,"k5"
248162,"k3"
248162,"k12"
248165,"k5"
248165,"k3"
248165,"k8"
248175,"k8"
248175,"k6"
248175,"k12"
248180,"k3"
248180,"k8"
248180,"k1"
248186,"k8"
248186,"k12"
248186,"k13"
248194,"k1"
248194,"k13"
248194,"k8"
248195,"k13"
248195,"k1"
248195,"k9"
248202,"k5"
248202,"k7"
248202,"k4"
248208,"k5"
248208,"k12"
248208,"k10"
248209,"k2"
248209,"k12"
248209,"k8"
248210,"k5"
248210,"k9"
248210,"k6"
248211,"k6"
248211,"k1"
248211,"k5"
248215,"k3"
248215,"k5"
248215,"k8"
248217,"k9"
248217,"k14"
248217,"k12"
248225,"k8"
248225,"k3"
248225,"k12"
248228,"k12"
248228,"k8"
248228,"k3"
248229,"k9"
248229,"k8"
248229,"k3"
248238,"k9"
248238,"k3"
248238,"k8"
248240,"k3"
248240,"k8"
248240,"k12"
248242,"k10"
248242,"k8"
248242,"k1"
248250,"k5"
248250,"k8"
248250,"k13"
248251,"k12"
248251,"k4"
248251,"k3"
248253,"k9"
248253,"k1"
248253,"k14"
248266,"k13"
248266,"k1"
248266,"k3"
248286,"k12"
248286,"k4"
248286,"k8"
248287,"k3"
248287,"k5"
248287,"k8"
248291,"k9"
248291,"k3"
248291,"k1"
248300,"k9"
248300,"k13"
248300,"k14"
248306,"k3"
248306,"k5"
248306,"k7"
248308,"k3"
248308,"k8"
248308,"k5"
248322,"k9"
248322,"k12"
248322,"k3"
248325,"k1"
248325,"k14"
248325,"k12"
248331,"k13"
248331,"k3"
248331,"k7"
248334,"k3"
248334,"k8"
248334,"k2"
248335,"k5"
248335,"k8"
248335,"k10"
248336,"k13"
248336,"k14"
248336,"k10"
248339,"k5"
248339,"k14"
248339,"k13"
248345,"k4"
248345,"k9"
248345,"k6"
248352,"k5"
248352,"k3"
248352,"k8"
248364,"k13"
248364,"k8"
248364,"k9"
248384,"k8"
248384,"k12"
248384,"k13"
248385,"k5"
248385,"k14"
248385,"k13"
248391,"k8"
248391,"k5"
248391,"k9"
248395,"k3"
248395,"k12"
248395,"k14"
248398,"k12"
248398,"k3"
248398,"k4"
248403,"k1"
248403,"k3"
248403,"k8"
248406,"k8"
248406,"k3"
248406,"k14"
248408,"k13"
248408,"k14"
248408,"k5"
248409,"k3"
248409,"k10"
248409,"k5"
248415,"k4"
248415,"k3"
248415,"k2"
248416,"k3"
248416,"k5"
248416,"k12"
248419,"k3"
248419,"k9"
248419,"k8"
248420,"k3"
248420,"k14"
248420,"k7"
248423,"k3"
248423,"k8"
248423,"k14"
248426,"k3"
248426,"k4"
248426,"k12"
248434,"k4"
248434,"k7"
248434,"k14"
248439,"k9"
248439,"k3"
248439,"k6"
248441,"k3"
248441,"k5"
248441,"k10"
248442,"k8"
248442,"k13"
248442,"k14"
248448,"k9"
248448,"k1"
248448,"k8"
248451,"k13"
248451,"k12"
248451,"k8"
248454,"k3"
248454,"k10"
248454,"k1"
248455,"k9"
248455,"k14"
248455,"k3"
248462,"k1"
248462,"k6"
248462,"k9"
248467,"k14"
248467,"k9"
248467,"k10"
248474,"k8"
248474,"k12"
248474,"k3"
248476,"k1"
248476,"k12"
248476,"k3"
248477,"k3"
248477,"k1"
248477,"k14"
248484,"k6"
248484,"k9"
248484,"k8"
248489,"k6"
248489,"k3"
248489,"k8"
248491,"k13"
248491,"k3"
248491,"k9"
248500,"k1"
248500,"k5"
248500,"k3"
248510,"k3"
248510,"k10"
248510,"k7"
248513,"k13"
248513,"k7"
248513,"k3"
248514,"k9"
248514,"k5"
248514,"k13"
248518,"k5"
248518,"k14"
248518,"k9"
248520,"k3"
248520,"k14"
248520,"k8"
248522,"k3"
248522,"k8"
248522,"k12"
248530,"k12"
248530,"k4"
248530,"k8"
248532,"k5"
248532,"k13"
248532,"k1"
248534,"k5"
248534,"k10"
248534,"k3"
248535,"k11"
248535,"k8"
248535,"k14"
248536,"k8"
248536,"k13"
248536,"k1"
248540,"k9"
248540,"k14"
248540,"k3"
248544,"k5"
248544,"k14"
248544,"k10"
248545,"k9"
248545,"k10"
248545,"k3"
248547,"k14"
248547,"k9"
248547,"k13"
248549,"k4"
248549,"k12"
248549,"k3"
248551,"k12"
248551,"k4"
248551,"k3"
248555,"k9"
248555,"k4"
248555,"k5"
248561,"k3"
248561,"k8"
248561,"k12"
248576,"k5"
248576,"k13"
248576,"k9"
248577,"k12"
248577,"k14"
248577,"k8"
248579,"k3"
248579,"k1"
248579,"k12"
248581,"k9"
248581,"k14"
248581,"k10"
248583,"k13"
248583,"k7"
248583,"k3"
248587,"k9"
248587,"k5"
248587,"k8"
248591,"k12"
248591,"k4"
248591,"k3"
248595,"k13"
248595,"k7"
248595,"k14"
248600,"k12"
248600,"k3"
248600,"k8"
248601,"k13"
248601,"k1"
248601,"k14"
248606,"k3"
248606,"k13"
248606,"k5"
248607,"k10"
248607,"k11"
248607,"k8"
248610,"k9"
248610,"k3"
248610,"k14"
248613,"k3"
248613,"k12"
248613,"k4"
248615,"k4"
248615,"k12"
248615,"k3"
248621,"k8"
248621,"k3"
248621,"k13"
248624,"k7"
248624,"k10"
248624,"k3"
248628,"k9"
248628,"k8"
248628,"k6"
248642,"k9"
248642,"k3"
248642,"k8"
248650,"k5"
248650,"k8"
248650,"k3"
248666,"k9"
248666,"k8"
248666,"k12"
248673,"k3"
248673,"k4"
248673,"k12"
248674,"k3"
248674,"k1"
248674,"k8"
248677,"k8"
248677,"k12"
248677,"k3"
248681,"k9"
248681,"k1"
248681,"k13"
248700,"k10"
248700,"k3"
248700,"k8"
248703,"k9"
248703,"k1"
248703,"k8"
248704,"k3"
248704,"k12"
248704,"k8"
248705,"k12"
248705,"k1"
248705,"k8"
248709,"k14"
248709,"k13"
248709,"k12"
248713,"k9"
248713,"k8"
248713,"k5"
248721,"k12"
248721,"k10"
248721,"k5"
248722,"k12"
248722,"k4"
248722,"k13"
248730,"k3"
248730,"k8"
248730,"k9"
248732,"k3"
248732,"k8"
248732,"k13"
248741,"k3"
248741,"k8"
248741,"k9"
248748,"k1"
248748,"k8"
248748,"k9"
248749,"k3"
248749,"k12"
248749,"k4"
248751,"k9"
248751,"k12"
248751,"k4"
248754,"k9"
248754,"k14"
248754,"k3"
248757,"k9"
248757,"k14"
248757,"k3"
248760,"k13"
248760,"k8"
248760,"k14"
248761,"k9"
248761,"k14"
248761,"k12"
248763,"k1"
248763,"k3"
248763,"k14"
248765,"k3"
248765,"k12"
248765,"k8"
248768,"k5"
248768,"k12"
248768,"k13"
248773,"k3"
248773,"k8"
248773,"k12"
